[{"fields": {"model": "logentry", "app_label": "admin"}, "model": "contenttypes.contenttype"}, {"fields": {"model": "permission", "app_label": "auth"}, "model": "contenttypes.contenttype"}, {"fields": {"model": "group", "app_label": "auth"}, "model": "contenttypes.contenttype"}, {"fields": {"model": "user", "app_label": "auth"}, "model": "contenttypes.contenttype"}, {"fields": {"model": "contenttype", "app_label": "contenttypes"}, "model": "contenttypes.contenttype"}, {"fields": {"model": "session", "app_label": "sessions"}, "model": "contenttypes.contenttype"}, {"fields": {"model": "image", "app_label": "app"}, "model": "contenttypes.contenttype"}, {"fields": {"model": "athlete", "app_label": "app"}, "model": "contenttypes.contenttype"}, {"fields": {"model": "scoreitem", "app_label": "app"}, "model": "contenttypes.contenttype"}, {"fields": {"model": "category", "app_label": "app"}, "model": "contenttypes.contenttype"}, {"fields": {"model": "scoresystem", "app_label": "app"}, "model": "contenttypes.contenttype"}, {"fields": {"model": "tournament", "app_label": "app"}, "model": "contenttypes.contenttype"}, {"fields": {"model": "results", "app_label": "app"}, "model": "contenttypes.contenttype"}, {"fields": {"expire_date": "2015-12-12T14:14:27.010Z", "session_data": "NDM2ZDUxNjNiZTI1NTAyNjQwZjEzMjFhMjNmOTllN2M5MGZjYWQxNjp7Il9hdXRoX3VzZXJfaGFzaCI6ImMxNGI5MTdiMDI4YzIwNTAzYmY0MTgzNWYzODFkNThmMzlkZWMwMzgiLCJfYXV0aF91c2VyX2lkIjoiMSIsIl9hdXRoX3VzZXJfYmFja2VuZCI6ImRqYW5nby5jb250cmliLmF1dGguYmFja2VuZHMuTW9kZWxCYWNrZW5kIn0="}, "model": "sessions.session", "pk": "y4aopsldyef7k279tyfcgkgkn9ncgjxp"}, {"fields": {"avatar": null, "ssn": "260708-2950", "name": "Ar\u00edanna Rakel Almarsd\u00f3ttir"}, "model": "app.athlete", "pk": 2}, {"fields": {"avatar": null, "ssn": "290208-2540", "name": "Arn\u00f3r Breki Cilia"}, "model": "app.athlete", "pk": 3}, {"fields": {"avatar": null, "ssn": "071207-3230", "name": "Einar P\u00e1ll Dav\u00ed\u00f0sson"}, "model": "app.athlete", "pk": 4}, {"fields": {"avatar": null, "ssn": "250108-4430", "name": "Erling H\u00f3lm Ottason"}, "model": "app.athlete", "pk": 5}, {"fields": {"avatar": null, "ssn": "170908-3250", "name": "J\u00fal\u00edan R\u00edkar\u00f0ur Elmarsson"}, "model": "app.athlete", "pk": 6}, {"fields": {"avatar": null, "ssn": "110308-3020", "name": "\u00d3lafur P\u00e9tur \u00de\u00f3rj\u00f3nsson"}, "model": "app.athlete", "pk": 7}, {"fields": {"avatar": null, "ssn": "300108-2960", "name": "P\u00e9tur Valur Thors"}, "model": "app.athlete", "pk": 8}, {"fields": {"avatar": null, "ssn": "130506-2750", "name": "Tristana S\u00f3l Kristj\u00e1nsd\u00f3ttir"}, "model": "app.athlete", "pk": 9}, {"fields": {"avatar": null, "ssn": "120609-3350", "name": "Tupac T\u00fdr Nunez Kvaran"}, "model": "app.athlete", "pk": 10}, {"fields": {"avatar": null, "ssn": "030207-2110", "name": "\u00dalfar Heimisson"}, "model": "app.athlete", "pk": 11}, {"fields": {"avatar": null, "ssn": "260604-2440", "name": "Almar Tristan Almarsson"}, "model": "app.athlete", "pk": 12}, {"fields": {"avatar": null, "ssn": "031002-3380", "name": "Isad\u00f3ra Bjarkard\u00f3ttir Barney"}, "model": "app.athlete", "pk": 13}, {"fields": {"avatar": null, "ssn": "150706-2620", "name": "Aron Kristinn Haraldsson"}, "model": "app.athlete", "pk": 14}, {"fields": {"avatar": null, "ssn": "060905-3980", "name": "\u00cdris \u00de\u00f6ll Hr\u00f3bjartsd\u00f3ttir"}, "model": "app.athlete", "pk": 15}, {"fields": {"avatar": null, "ssn": "050904-2290", "name": "Snorri Esek\u00edel J\u00f3hannesson"}, "model": "app.athlete", "pk": 16}, {"fields": {"avatar": null, "ssn": "210107-2580", "name": "Sunna Lind Ingvarsd\u00f3ttir"}, "model": "app.athlete", "pk": 17}, {"fields": {"avatar": null, "ssn": "111005-3030", "name": "Sverrir \u00de\u00f3r Vilhj\u00e1lmsson"}, "model": "app.athlete", "pk": 18}, {"fields": {"avatar": null, "ssn": "070105-2760", "name": "Vilhj\u00e1lmur \u00de\u00f3r Olsen"}, "model": "app.athlete", "pk": 19}, {"fields": {"avatar": null, "ssn": "171204-2160", "name": "\u00c6var Nunez Kvaran"}, "model": "app.athlete", "pk": 20}, {"fields": {"avatar": null, "ssn": "140990-3459", "name": "Ana Cristina Geppert"}, "model": "app.athlete", "pk": 21}, {"fields": {"avatar": null, "ssn": "060878-5289", "name": "Anna D\u00f3ra Sverrisd\u00f3ttir"}, "model": "app.athlete", "pk": 22}, {"fields": {"avatar": null, "ssn": "260979-5829", "name": "Dagbj\u00f6rt R\u00fanarsd\u00f3ttir"}, "model": "app.athlete", "pk": 23}, {"fields": {"avatar": null, "ssn": "170472-6169", "name": "Dav\u00ed\u00f0 Hermann Brandt"}, "model": "app.athlete", "pk": 24}, {"fields": {"avatar": null, "ssn": "030799-3139", "name": "Hugo Sebastian Celine Froment"}, "model": "app.athlete", "pk": 25}, {"fields": {"avatar": null, "ssn": "281002-4490", "name": "J\u00f6kull Orri Gylfason"}, "model": "app.athlete", "pk": 26}, {"fields": {"avatar": null, "ssn": "030884-2729", "name": "Karl Sigtryggsson"}, "model": "app.athlete", "pk": 27}, {"fields": {"avatar": null, "ssn": "300567-5849", "name": "Krist\u00edn Vilhj\u00e1lmsd\u00f3ttir"}, "model": "app.athlete", "pk": 28}, {"fields": {"avatar": null, "ssn": "310372-2349", "name": "Antje Muller"}, "model": "app.athlete", "pk": 29}, {"fields": {"avatar": null, "ssn": "250103-2980", "name": "\u00c1lfd\u00eds Freyja Hansd\u00f3ttir"}, "model": "app.athlete", "pk": 30}, {"fields": {"avatar": null, "ssn": "191101-2350", "name": "Ey\u00fe\u00f3r Atli Reynisson"}, "model": "app.athlete", "pk": 31}, {"fields": {"avatar": null, "ssn": "020701-3070", "name": "Ger\u00f0ur Eva Halld\u00f3rsd\u00f3ttir"}, "model": "app.athlete", "pk": 32}, {"fields": {"avatar": null, "ssn": "290664-2419", "name": "Gulleik L\u00f6vskar"}, "model": "app.athlete", "pk": 33}, {"fields": {"avatar": null, "ssn": "300402-3640", "name": "Halld\u00f3r Freyr Grettisson"}, "model": "app.athlete", "pk": 34}, {"fields": {"avatar": null, "ssn": "050902-4390", "name": "H\u00e1kon Jan Nor\u00f0fj\u00f6r\u00f0"}, "model": "app.athlete", "pk": 35}, {"fields": {"avatar": null, "ssn": "090889-2069", "name": "Hei\u00f0r\u00fan \u00deorvaldsd\u00f3ttir"}, "model": "app.athlete", "pk": 36}, {"fields": {"avatar": null, "ssn": "020869-3569", "name": "\u00cdrunn Ketilsd\u00f3ttir"}, "model": "app.athlete", "pk": 37}, {"fields": {"avatar": null, "ssn": "040686-2749", "name": "J\u00f3hann Dan\u00edel Jimma"}, "model": "app.athlete", "pk": 38}, {"fields": {"avatar": null, "ssn": "190881-5989", "name": "J\u00f3n Gu\u00f0mundarson Selmuson"}, "model": "app.athlete", "pk": 39}, {"fields": {"avatar": null, "ssn": "100799-3249", "name": "Krist\u00edn Mar\u00eda Vilhj\u00e1lmsd\u00f3ttir"}, "model": "app.athlete", "pk": 40}, {"fields": {"avatar": null, "ssn": "210386-3869", "name": "Meisam Rafiei"}, "model": "app.athlete", "pk": 41}, {"fields": {"avatar": null, "ssn": "230502-2260", "name": "Viktor Sn\u00e6r Flosason"}, "model": "app.athlete", "pk": 42}, {"fields": {"avatar": null, "ssn": "190575-4629", "name": "\u00de\u00f3rarinn Grettir Einarsson"}, "model": "app.athlete", "pk": 43}, {"fields": {"avatar": null, "ssn": "061169-3859", "name": "Sigurj\u00f3n \u00d3lafsson"}, "model": "app.athlete", "pk": 44}, {"fields": {"avatar": null, "ssn": "0000000000", "name": "Snorri Bjarkarson"}, "model": "app.athlete", "pk": 45}, {"fields": {"avatar": null, "ssn": "0000000000", "name": "Samar-E-Zahida Uz-Zaman"}, "model": "app.athlete", "pk": 46}, {"fields": {"avatar": null, "ssn": "270306-2840", "name": "Ari \u00de\u00f3r Kristmundsson"}, "model": "app.athlete", "pk": 47}, {"fields": {"avatar": null, "ssn": "000000000", "name": "Karl J\u00f3hann Gar\u00f0arsson"}, "model": "app.athlete", "pk": 48}, {"fields": {"avatar": null, "ssn": "000000000000", "name": "Hildur Baldursd\u00f3ttir"}, "model": "app.athlete", "pk": 49}, {"fields": {"avatar": null, "ssn": "180275-4019", "name": "Vilhj\u00e1lmur \u00de\u00f3r Vilhj\u00e1lmsson"}, "model": "app.athlete", "pk": 50}, {"fields": {"avatar": null, "ssn": "0000000000", "name": "Alexandra R\u00f3s Berg\u00fe\u00f3rsd. Busk"}, "model": "app.athlete", "pk": 52}, {"fields": {"avatar": null, "ssn": "0000000000", "name": "\u00d3mar Logi Ragnarsson"}, "model": "app.athlete", "pk": 53}, {"fields": {"avatar": null, "ssn": "0000000000", "name": "Brynjar Logi Halld\u00f3rsson"}, "model": "app.athlete", "pk": 54}, {"fields": {"avatar": null, "ssn": "0000000000", "name": "Steinar \u00de\u00f3r \u00deorfinnsson"}, "model": "app.athlete", "pk": 55}, {"fields": {"avatar": null, "ssn": "000000000", "name": "Sigur\u00fe\u00f3r Hallbj\u00f6rnsson"}, "model": "app.athlete", "pk": 56}, {"fields": {"avatar": null, "ssn": "0000000000", "name": "\u00d3lafur Bjarki Gu\u00f0mundsson"}, "model": "app.athlete", "pk": 57}, {"fields": {"avatar": null, "ssn": "0000000000", "name": "Elina Mar\u00eda J\u00f3nsd\u00f3ttir"}, "model": "app.athlete", "pk": 58}, {"fields": {"avatar": null, "ssn": "00000000", "name": "He\u00f0r\u00fan P\u00e1lsd\u00f3ttir"}, "model": "app.athlete", "pk": 59}, {"fields": {"place": 1, "points": 4}, "model": "app.scoreitem", "pk": 1}, {"fields": {"place": 2, "points": 2}, "model": "app.scoreitem", "pk": 2}, {"fields": {"place": 3, "points": 1}, "model": "app.scoreitem", "pk": 3}, {"fields": {"place": 1, "points": 3}, "model": "app.scoreitem", "pk": 6}, {"fields": {"place": 1, "points": 5}, "model": "app.scoreitem", "pk": 7}, {"fields": {"place": 2, "points": 3}, "model": "app.scoreitem", "pk": 8}, {"fields": {"title": "Sparring"}, "model": "app.category", "pk": 1}, {"fields": {"title": "P\u00famse - einstaklings"}, "model": "app.category", "pk": 2}, {"fields": {"title": "P\u00famse - para"}, "model": "app.category", "pk": 3}, {"fields": {"title": "P\u00famse - h\u00f3pa"}, "model": "app.category", "pk": 4}, {"fields": {"score": [1, 2, 3], "title": "Sparring (BM)", "category": 1}, "model": "app.scoresystem", "pk": 1}, {"fields": {"score": [1, 2, 3], "title": "P\u00famse - einstaklings (BM)", "category": 2}, "model": "app.scoresystem", "pk": 2}, {"fields": {"score": [2, 3, 6], "title": "P\u00famse - para (BM)", "category": 3}, "model": "app.scoresystem", "pk": 3}, {"fields": {"score": [2, 3, 6], "title": "P\u00famse - h\u00f3pa (BM)", "category": 4}, "model": "app.scoresystem", "pk": 4}, {"fields": {"score": [3, 7, 8], "title": "Sparring (\u00cdM)", "category": 1}, "model": "app.scoresystem", "pk": 5}, {"fields": {"score": [3, 7, 8], "title": "P\u00famse - einstaklings (\u00cdM)", "category": 2}, "model": "app.scoresystem", "pk": 6}, {"fields": {"score": [2, 3, 6], "title": "P\u00famse - para (\u00cdM)", "category": 3}, "model": "app.scoresystem", "pk": 7}, {"fields": {"score": [2, 3, 6], "title": "P\u00famse - h\u00f3pa (\u00cdM)", "category": 4}, "model": "app.scoresystem", "pk": 8}, {"fields": {"body": "", "title": "Bikarm\u00f3t 1 - 2015", "date": "2015-11-07", "score_system": [1, 2, 3, 4]}, "model": "app.tournament", "pk": 1}, {"fields": {"body": "", "title": "\u00edslandsm\u00f3ti\u00f0 \u00ed P\u00famse - 2015", "date": "2015-10-10", "score_system": [5, 6, 7, 8]}, "model": "app.tournament", "pk": 2}, {"fields": {"body": "", "title": "Bikarm\u00f3t 3 - 2015", "date": "2015-05-09", "score_system": [1, 2, 3, 4]}, "model": "app.tournament", "pk": 3}, {"fields": {"body": "", "title": "Barnabikarm\u00f3t 1 - 2015", "date": "2015-11-07", "score_system": [1, 2, 3, 4]}, "model": "app.tournament", "pk": 4}, {"fields": {"body": "", "title": "Barnabikarm\u00f3t 2 - 2015", "date": "2015-04-24", "score_system": [1, 2, 3, 4]}, "model": "app.tournament", "pk": 5}, {"fields": {"body": "", "title": "\u00cdslandsm\u00f3t \u00ed bardaga - 2015", "date": "2015-03-15", "score_system": [5]}, "model": "app.tournament", "pk": 6}, {"fields": {"body": "", "title": "Bikarm\u00f3t 2 - 2015", "date": "2015-02-22", "score_system": [1, 2]}, "model": "app.tournament", "pk": 7}, {"fields": {"body": "", "title": "RIG - 2015", "date": "2015-01-17", "score_system": [5, 6, 7, 8]}, "model": "app.tournament", "pk": 8}, {"fields": {"score": 1, "athlete": 37, "category": 2, "tournament": 1}, "model": "app.results", "pk": 5}, {"fields": {"score": 2, "athlete": 39, "category": 2, "tournament": 1}, "model": "app.results", "pk": 6}, {"fields": {"score": 1, "athlete": 44, "category": 2, "tournament": 1}, "model": "app.results", "pk": 7}, {"fields": {"score": 2, "athlete": 40, "category": 2, "tournament": 1}, "model": "app.results", "pk": 8}, {"fields": {"score": 1, "athlete": 32, "category": 2, "tournament": 1}, "model": "app.results", "pk": 9}, {"fields": {"score": 3, "athlete": 30, "category": 2, "tournament": 1}, "model": "app.results", "pk": 10}, {"fields": {"score": 1, "athlete": 42, "category": 2, "tournament": 1}, "model": "app.results", "pk": 11}, {"fields": {"score": 3, "athlete": 45, "category": 2, "tournament": 1}, "model": "app.results", "pk": 12}, {"fields": {"score": 1, "athlete": 28, "category": 2, "tournament": 1}, "model": "app.results", "pk": 13}, {"fields": {"score": 1, "athlete": 13, "category": 2, "tournament": 1}, "model": "app.results", "pk": 14}, {"fields": {"score": 3, "athlete": 26, "category": 2, "tournament": 1}, "model": "app.results", "pk": 15}, {"fields": {"score": 2, "athlete": 26, "category": 3, "tournament": 1}, "model": "app.results", "pk": 16}, {"fields": {"score": 2, "athlete": 13, "category": 3, "tournament": 1}, "model": "app.results", "pk": 17}, {"fields": {"score": 3, "athlete": 42, "category": 3, "tournament": 1}, "model": "app.results", "pk": 18}, {"fields": {"score": 3, "athlete": 40, "category": 3, "tournament": 1}, "model": "app.results", "pk": 19}, {"fields": {"score": 1, "athlete": 30, "category": 4, "tournament": 1}, "model": "app.results", "pk": 20}, {"fields": {"score": 1, "athlete": 40, "category": 4, "tournament": 1}, "model": "app.results", "pk": 21}, {"fields": {"score": 1, "athlete": 32, "category": 4, "tournament": 1}, "model": "app.results", "pk": 22}, {"fields": {"score": 1, "athlete": 31, "category": 4, "tournament": 1}, "model": "app.results", "pk": 23}, {"fields": {"score": 1, "athlete": 35, "category": 4, "tournament": 1}, "model": "app.results", "pk": 24}, {"fields": {"score": 1, "athlete": 42, "category": 4, "tournament": 1}, "model": "app.results", "pk": 25}, {"fields": {"score": 1, "athlete": 46, "category": 2, "tournament": 1}, "model": "app.results", "pk": 26}, {"fields": {"score": 2, "athlete": 35, "category": 2, "tournament": 1}, "model": "app.results", "pk": 27}, {"fields": {"score": 3, "athlete": 31, "category": 2, "tournament": 1}, "model": "app.results", "pk": 28}, {"fields": {"score": 2, "athlete": 37, "category": 3, "tournament": 1}, "model": "app.results", "pk": 29}, {"fields": {"score": 2, "athlete": 39, "category": 3, "tournament": 1}, "model": "app.results", "pk": 30}, {"fields": {"score": 1, "athlete": 46, "category": 3, "tournament": 1}, "model": "app.results", "pk": 31}, {"fields": {"score": 1, "athlete": 31, "category": 3, "tournament": 1}, "model": "app.results", "pk": 32}, {"fields": {"score": 2, "athlete": 35, "category": 3, "tournament": 1}, "model": "app.results", "pk": 33}, {"fields": {"score": 2, "athlete": 32, "category": 3, "tournament": 1}, "model": "app.results", "pk": 34}, {"fields": {"score": 1, "athlete": 44, "category": 4, "tournament": 1}, "model": "app.results", "pk": 35}, {"fields": {"score": 1, "athlete": 39, "category": 4, "tournament": 1}, "model": "app.results", "pk": 36}, {"fields": {"score": 1, "athlete": 34, "category": 4, "tournament": 1}, "model": "app.results", "pk": 37}, {"fields": {"score": 1, "athlete": 28, "category": 1, "tournament": 1}, "model": "app.results", "pk": 38}, {"fields": {"score": 2, "athlete": 26, "category": 1, "tournament": 1}, "model": "app.results", "pk": 39}, {"fields": {"score": 1, "athlete": 32, "category": 1, "tournament": 1}, "model": "app.results", "pk": 40}, {"fields": {"score": 2, "athlete": 31, "category": 1, "tournament": 1}, "model": "app.results", "pk": 41}, {"fields": {"score": 2, "athlete": 35, "category": 1, "tournament": 1}, "model": "app.results", "pk": 42}, {"fields": {"score": 1, "athlete": 45, "category": 1, "tournament": 1}, "model": "app.results", "pk": 43}, {"fields": {"score": 3, "athlete": 39, "category": 1, "tournament": 1}, "model": "app.results", "pk": 44}, {"fields": {"score": 1, "athlete": 34, "category": 1, "tournament": 1}, "model": "app.results", "pk": 45}, {"fields": {"score": 2, "athlete": 42, "category": 1, "tournament": 1}, "model": "app.results", "pk": 46}, {"fields": {"score": 2, "athlete": 47, "category": 2, "tournament": 4}, "model": "app.results", "pk": 47}, {"fields": {"score": 2, "athlete": 8, "category": 2, "tournament": 4}, "model": "app.results", "pk": 48}, {"fields": {"score": 1, "athlete": 7, "category": 2, "tournament": 4}, "model": "app.results", "pk": 49}, {"fields": {"score": 3, "athlete": 14, "category": 2, "tournament": 4}, "model": "app.results", "pk": 50}, {"fields": {"score": 2, "athlete": 18, "category": 2, "tournament": 4}, "model": "app.results", "pk": 51}, {"fields": {"score": 3, "athlete": 11, "category": 4, "tournament": 4}, "model": "app.results", "pk": 52}, {"fields": {"score": 3, "athlete": 4, "category": 4, "tournament": 4}, "model": "app.results", "pk": 53}, {"fields": {"score": 3, "athlete": 3, "category": 4, "tournament": 4}, "model": "app.results", "pk": 54}, {"fields": {"score": 2, "athlete": 20, "category": 3, "tournament": 4}, "model": "app.results", "pk": 55}, {"fields": {"score": 2, "athlete": 18, "category": 3, "tournament": 4}, "model": "app.results", "pk": 56}, {"fields": {"score": 2, "athlete": 20, "category": 4, "tournament": 4}, "model": "app.results", "pk": 57}, {"fields": {"score": 2, "athlete": 18, "category": 4, "tournament": 4}, "model": "app.results", "pk": 58}, {"fields": {"score": 2, "athlete": 19, "category": 4, "tournament": 1}, "model": "app.results", "pk": 59}, {"fields": {"score": 1, "athlete": 3, "category": 1, "tournament": 4}, "model": "app.results", "pk": 60}, {"fields": {"score": 3, "athlete": 11, "category": 1, "tournament": 4}, "model": "app.results", "pk": 61}, {"fields": {"score": 2, "athlete": 10, "category": 1, "tournament": 4}, "model": "app.results", "pk": 62}, {"fields": {"score": 1, "athlete": 8, "category": 1, "tournament": 4}, "model": "app.results", "pk": 63}, {"fields": {"score": 2, "athlete": 17, "category": 1, "tournament": 4}, "model": "app.results", "pk": 64}, {"fields": {"score": 2, "athlete": 14, "category": 1, "tournament": 4}, "model": "app.results", "pk": 65}, {"fields": {"score": 1, "athlete": 20, "category": 1, "tournament": 4}, "model": "app.results", "pk": 66}, {"fields": {"score": 3, "athlete": 2, "category": 1, "tournament": 4}, "model": "app.results", "pk": 67}, {"fields": {"score": 1, "athlete": 12, "category": 1, "tournament": 4}, "model": "app.results", "pk": 68}, {"fields": {"score": 2, "athlete": 6, "category": 1, "tournament": 4}, "model": "app.results", "pk": 69}, {"fields": {"score": 3, "athlete": 7, "category": 1, "tournament": 4}, "model": "app.results", "pk": 70}, {"fields": {"score": 1, "athlete": 15, "category": 1, "tournament": 4}, "model": "app.results", "pk": 71}, {"fields": {"score": 3, "athlete": 47, "category": 1, "tournament": 4}, "model": "app.results", "pk": 72}, {"fields": {"score": 1, "athlete": 19, "category": 1, "tournament": 1}, "model": "app.results", "pk": 73}, {"fields": {"score": 2, "athlete": 18, "category": 1, "tournament": 4}, "model": "app.results", "pk": 74}, {"fields": {"score": 2, "athlete": 48, "category": 4, "tournament": 2}, "model": "app.results", "pk": 75}, {"fields": {"score": 2, "athlete": 39, "category": 4, "tournament": 2}, "model": "app.results", "pk": 76}, {"fields": {"score": 2, "athlete": 43, "category": 4, "tournament": 2}, "model": "app.results", "pk": 77}, {"fields": {"score": 1, "athlete": 37, "category": 4, "tournament": 2}, "model": "app.results", "pk": 78}, {"fields": {"score": 1, "athlete": 29, "category": 4, "tournament": 2}, "model": "app.results", "pk": 79}, {"fields": {"score": 1, "athlete": 22, "category": 4, "tournament": 2}, "model": "app.results", "pk": 80}, {"fields": {"score": 1, "athlete": 48, "category": 2, "tournament": 2}, "model": "app.results", "pk": 81}, {"fields": {"score": 2, "athlete": 39, "category": 2, "tournament": 2}, "model": "app.results", "pk": 82}, {"fields": {"score": 1, "athlete": 37, "category": 2, "tournament": 2}, "model": "app.results", "pk": 83}, {"fields": {"score": 2, "athlete": 29, "category": 2, "tournament": 2}, "model": "app.results", "pk": 84}, {"fields": {"score": 1, "athlete": 48, "category": 3, "tournament": 2}, "model": "app.results", "pk": 85}, {"fields": {"score": 1, "athlete": 29, "category": 3, "tournament": 2}, "model": "app.results", "pk": 86}, {"fields": {"score": 2, "athlete": 37, "category": 3, "tournament": 2}, "model": "app.results", "pk": 87}, {"fields": {"score": 2, "athlete": 39, "category": 3, "tournament": 2}, "model": "app.results", "pk": 88}, {"fields": {"score": 1, "athlete": 31, "category": 4, "tournament": 2}, "model": "app.results", "pk": 89}, {"fields": {"score": 1, "athlete": 35, "category": 4, "tournament": 2}, "model": "app.results", "pk": 90}, {"fields": {"score": 1, "athlete": 42, "category": 4, "tournament": 2}, "model": "app.results", "pk": 91}, {"fields": {"score": 1, "athlete": 31, "category": 3, "tournament": 2}, "model": "app.results", "pk": 92}, {"fields": {"score": 1, "athlete": 46, "category": 3, "tournament": 2}, "model": "app.results", "pk": 93}, {"fields": {"score": 3, "athlete": 35, "category": 3, "tournament": 2}, "model": "app.results", "pk": 94}, {"fields": {"score": 3, "athlete": 32, "category": 3, "tournament": 2}, "model": "app.results", "pk": 95}, {"fields": {"score": 2, "athlete": 46, "category": 2, "tournament": 2}, "model": "app.results", "pk": 96}, {"fields": {"score": 2, "athlete": 31, "category": 2, "tournament": 2}, "model": "app.results", "pk": 97}, {"fields": {"score": 3, "athlete": 35, "category": 2, "tournament": 2}, "model": "app.results", "pk": 98}, {"fields": {"score": 1, "athlete": 49, "category": 2, "tournament": 2}, "model": "app.results", "pk": 99}, {"fields": {"score": 3, "athlete": 32, "category": 2, "tournament": 2}, "model": "app.results", "pk": 100}, {"fields": {"score": 3, "athlete": 42, "category": 2, "tournament": 2}, "model": "app.results", "pk": 101}, {"fields": {"score": 3, "athlete": 40, "category": 2, "tournament": 2}, "model": "app.results", "pk": 102}, {"fields": {"score": 2, "athlete": 22, "category": 2, "tournament": 2}, "model": "app.results", "pk": 103}, {"fields": {"score": 2, "athlete": 43, "category": 2, "tournament": 2}, "model": "app.results", "pk": 104}, {"fields": {"score": 1, "athlete": 42, "category": 3, "tournament": 2}, "model": "app.results", "pk": 105}, {"fields": {"score": 1, "athlete": 40, "category": 3, "tournament": 2}, "model": "app.results", "pk": 106}, {"fields": {"score": 1, "athlete": 40, "category": 4, "tournament": 2}, "model": "app.results", "pk": 107}, {"fields": {"score": 1, "athlete": 32, "category": 4, "tournament": 2}, "model": "app.results", "pk": 108}, {"fields": {"score": 1, "athlete": 50, "category": 2, "tournament": 3}, "model": "app.results", "pk": 109}, {"fields": {"score": 1, "athlete": 22, "category": 2, "tournament": 3}, "model": "app.results", "pk": 110}, {"fields": {"score": 3, "athlete": 40, "category": 2, "tournament": 3}, "model": "app.results", "pk": 112}, {"fields": {"score": 1, "athlete": 46, "category": 2, "tournament": 3}, "model": "app.results", "pk": 113}, {"fields": {"score": 2, "athlete": 35, "category": 2, "tournament": 3}, "model": "app.results", "pk": 114}, {"fields": {"score": 1, "athlete": 50, "category": 1, "tournament": 3}, "model": "app.results", "pk": 115}, {"fields": {"score": 2, "athlete": 22, "category": 1, "tournament": 3}, "model": "app.results", "pk": 116}, {"fields": {"score": 2, "athlete": 36, "category": 2, "tournament": 3}, "model": "app.results", "pk": 117}, {"fields": {"score": 2, "athlete": 36, "category": 1, "tournament": 3}, "model": "app.results", "pk": 118}, {"fields": {"score": 2, "athlete": 40, "category": 1, "tournament": 3}, "model": "app.results", "pk": 119}, {"fields": {"score": 3, "athlete": 42, "category": 1, "tournament": 3}, "model": "app.results", "pk": 120}, {"fields": {"score": 2, "athlete": 31, "category": 1, "tournament": 3}, "model": "app.results", "pk": 121}, {"fields": {"score": 1, "athlete": 34, "category": 1, "tournament": 3}, "model": "app.results", "pk": 122}, {"fields": {"score": 1, "athlete": 11, "category": 2, "tournament": 5}, "model": "app.results", "pk": 123}, {"fields": {"score": 1, "athlete": 7, "category": 2, "tournament": 5}, "model": "app.results", "pk": 124}, {"fields": {"score": 1, "athlete": 19, "category": 2, "tournament": 5}, "model": "app.results", "pk": 125}, {"fields": {"score": 3, "athlete": 18, "category": 2, "tournament": 5}, "model": "app.results", "pk": 127}, {"fields": {"score": 1, "athlete": 10, "category": 1, "tournament": 5}, "model": "app.results", "pk": 128}, {"fields": {"score": 1, "athlete": 12, "category": 1, "tournament": 5}, "model": "app.results", "pk": 129}, {"fields": {"score": 2, "athlete": 7, "category": 1, "tournament": 5}, "model": "app.results", "pk": 130}, {"fields": {"score": 3, "athlete": 4, "category": 1, "tournament": 5}, "model": "app.results", "pk": 131}, {"fields": {"score": 3, "athlete": 2, "category": 1, "tournament": 5}, "model": "app.results", "pk": 132}, {"fields": {"score": 2, "athlete": 15, "category": 1, "tournament": 5}, "model": "app.results", "pk": 133}, {"fields": {"score": 2, "athlete": 9, "category": 1, "tournament": 5}, "model": "app.results", "pk": 134}, {"fields": {"score": 3, "athlete": 17, "category": 1, "tournament": 5}, "model": "app.results", "pk": 135}, {"fields": {"score": 1, "athlete": 19, "category": 1, "tournament": 5}, "model": "app.results", "pk": 136}, {"fields": {"score": 3, "athlete": 18, "category": 1, "tournament": 5}, "model": "app.results", "pk": 137}, {"fields": {"score": 3, "athlete": 14, "category": 1, "tournament": 5}, "model": "app.results", "pk": 138}, {"fields": {"score": 3, "athlete": 3, "category": 1, "tournament": 5}, "model": "app.results", "pk": 139}, {"fields": {"score": 1, "athlete": 20, "category": 1, "tournament": 5}, "model": "app.results", "pk": 140}, {"fields": {"score": 3, "athlete": 40, "category": 1, "tournament": 6}, "model": "app.results", "pk": 141}, {"fields": {"score": 2, "athlete": 36, "category": 1, "tournament": 6}, "model": "app.results", "pk": 142}, {"fields": {"score": 1, "athlete": 21, "category": 1, "tournament": 6}, "model": "app.results", "pk": 143}, {"fields": {"score": 2, "athlete": 53, "category": 1, "tournament": 6}, "model": "app.results", "pk": 144}, {"fields": {"score": 1, "athlete": 34, "category": 1, "tournament": 6}, "model": "app.results", "pk": 145}, {"fields": {"score": 2, "athlete": 54, "category": 1, "tournament": 6}, "model": "app.results", "pk": 146}, {"fields": {"score": 1, "athlete": 31, "category": 1, "tournament": 6}, "model": "app.results", "pk": 147}, {"fields": {"score": 2, "athlete": 25, "category": 1, "tournament": 6}, "model": "app.results", "pk": 148}, {"fields": {"score": 2, "athlete": 39, "category": 1, "tournament": 6}, "model": "app.results", "pk": 149}, {"fields": {"score": 1, "athlete": 55, "category": 1, "tournament": 6}, "model": "app.results", "pk": 150}, {"fields": {"score": 2, "athlete": 56, "category": 1, "tournament": 6}, "model": "app.results", "pk": 151}, {"fields": {"score": 2, "athlete": 43, "category": 1, "tournament": 6}, "model": "app.results", "pk": 152}, {"fields": {"score": 1, "athlete": 34, "category": 1, "tournament": 7}, "model": "app.results", "pk": 153}, {"fields": {"score": 1, "athlete": 54, "category": 1, "tournament": 7}, "model": "app.results", "pk": 154}, {"fields": {"score": 2, "athlete": 42, "category": 1, "tournament": 7}, "model": "app.results", "pk": 155}, {"fields": {"score": 2, "athlete": 57, "category": 1, "tournament": 7}, "model": "app.results", "pk": 156}, {"fields": {"score": 2, "athlete": 39, "category": 1, "tournament": 7}, "model": "app.results", "pk": 157}, {"fields": {"score": 3, "athlete": 43, "category": 1, "tournament": 7}, "model": "app.results", "pk": 158}, {"fields": {"score": 3, "athlete": 58, "category": 1, "tournament": 7}, "model": "app.results", "pk": 159}, {"fields": {"score": 3, "athlete": 31, "category": 2, "tournament": 7}, "model": "app.results", "pk": 160}, {"fields": {"score": 3, "athlete": 57, "category": 2, "tournament": 7}, "model": "app.results", "pk": 161}, {"fields": {"score": 2, "athlete": 40, "category": 2, "tournament": 7}, "model": "app.results", "pk": 162}, {"fields": {"score": 2, "athlete": 46, "category": 2, "tournament": 7}, "model": "app.results", "pk": 163}, {"fields": {"score": 2, "athlete": 58, "category": 2, "tournament": 7}, "model": "app.results", "pk": 164}, {"fields": {"score": 1, "athlete": 22, "category": 2, "tournament": 7}, "model": "app.results", "pk": 165}, {"fields": {"score": 3, "athlete": 36, "category": 2, "tournament": 7}, "model": "app.results", "pk": 166}, {"fields": {"score": 3, "athlete": 40, "category": 2, "tournament": 8}, "model": "app.results", "pk": 167}, {"fields": {"score": 2, "athlete": 31, "category": 2, "tournament": 8}, "model": "app.results", "pk": 168}, {"fields": {"score": 1, "athlete": 35, "category": 2, "tournament": 8}, "model": "app.results", "pk": 169}, {"fields": {"score": 2, "athlete": 33, "category": 3, "tournament": 8}, "model": "app.results", "pk": 170}, {"fields": {"score": 2, "athlete": 37, "category": 3, "tournament": 8}, "model": "app.results", "pk": 171}, {"fields": {"score": 1, "athlete": 37, "category": 2, "tournament": 8}, "model": "app.results", "pk": 172}, {"fields": {"score": 3, "athlete": 29, "category": 2, "tournament": 8}, "model": "app.results", "pk": 173}, {"fields": {"score": 2, "athlete": 46, "category": 2, "tournament": 8}, "model": "app.results", "pk": 174}, {"fields": {"score": 3, "athlete": 48, "category": 2, "tournament": 8}, "model": "app.results", "pk": 175}, {"fields": {"score": 2, "athlete": 59, "category": 1, "tournament": 8}, "model": "app.results", "pk": 176}, {"fields": {"score": 1, "athlete": 42, "category": 1, "tournament": 8}, "model": "app.results", "pk": 177}, {"fields": {"score": 2, "athlete": 57, "category": 1, "tournament": 8}, "model": "app.results", "pk": 178}, {"fields": {"codename": "add_logentry", "content_type": ["admin", "logentry"], "name": "Can add log entry"}, "model": "auth.permission"}, {"fields": {"codename": "change_logentry", "content_type": ["admin", "logentry"], "name": "Can change log entry"}, "model": "auth.permission"}, {"fields": {"codename": "delete_logentry", "content_type": ["admin", "logentry"], "name": "Can delete log entry"}, "model": "auth.permission"}, {"fields": {"codename": "add_permission", "content_type": ["auth", "permission"], "name": "Can add permission"}, "model": "auth.permission"}, {"fields": {"codename": "change_permission", "content_type": ["auth", "permission"], "name": "Can change permission"}, "model": "auth.permission"}, {"fields": {"codename": "delete_permission", "content_type": ["auth", "permission"], "name": "Can delete permission"}, "model": "auth.permission"}, {"fields": {"codename": "add_group", "content_type": ["auth", "group"], "name": "Can add group"}, "model": "auth.permission"}, {"fields": {"codename": "change_group", "content_type": ["auth", "group"], "name": "Can change group"}, "model": "auth.permission"}, {"fields": {"codename": "delete_group", "content_type": ["auth", "group"], "name": "Can delete group"}, "model": "auth.permission"}, {"fields": {"codename": "add_user", "content_type": ["auth", "user"], "name": "Can add user"}, "model": "auth.permission"}, {"fields": {"codename": "change_user", "content_type": ["auth", "user"], "name": "Can change user"}, "model": "auth.permission"}, {"fields": {"codename": "delete_user", "content_type": ["auth", "user"], "name": "Can delete user"}, "model": "auth.permission"}, {"fields": {"codename": "add_contenttype", "content_type": ["contenttypes", "contenttype"], "name": "Can add content type"}, "model": "auth.permission"}, {"fields": {"codename": "change_contenttype", "content_type": ["contenttypes", "contenttype"], "name": "Can change content type"}, "model": "auth.permission"}, {"fields": {"codename": "delete_contenttype", "content_type": ["contenttypes", "contenttype"], "name": "Can delete content type"}, "model": "auth.permission"}, {"fields": {"codename": "add_session", "content_type": ["sessions", "session"], "name": "Can add session"}, "model": "auth.permission"}, {"fields": {"codename": "change_session", "content_type": ["sessions", "session"], "name": "Can change session"}, "model": "auth.permission"}, {"fields": {"codename": "delete_session", "content_type": ["sessions", "session"], "name": "Can delete session"}, "model": "auth.permission"}, {"fields": {"codename": "add_image", "content_type": ["app", "image"], "name": "Can add image"}, "model": "auth.permission"}, {"fields": {"codename": "change_image", "content_type": ["app", "image"], "name": "Can change image"}, "model": "auth.permission"}, {"fields": {"codename": "delete_image", "content_type": ["app", "image"], "name": "Can delete image"}, "model": "auth.permission"}, {"fields": {"codename": "add_athlete", "content_type": ["app", "athlete"], "name": "Can add Athlete"}, "model": "auth.permission"}, {"fields": {"codename": "change_athlete", "content_type": ["app", "athlete"], "name": "Can change Athlete"}, "model": "auth.permission"}, {"fields": {"codename": "delete_athlete", "content_type": ["app", "athlete"], "name": "Can delete Athlete"}, "model": "auth.permission"}, {"fields": {"codename": "add_scoreitem", "content_type": ["app", "scoreitem"], "name": "Can add score item"}, "model": "auth.permission"}, {"fields": {"codename": "change_scoreitem", "content_type": ["app", "scoreitem"], "name": "Can change score item"}, "model": "auth.permission"}, {"fields": {"codename": "delete_scoreitem", "content_type": ["app", "scoreitem"], "name": "Can delete score item"}, "model": "auth.permission"}, {"fields": {"codename": "add_category", "content_type": ["app", "category"], "name": "Can add category"}, "model": "auth.permission"}, {"fields": {"codename": "change_category", "content_type": ["app", "category"], "name": "Can change category"}, "model": "auth.permission"}, {"fields": {"codename": "delete_category", "content_type": ["app", "category"], "name": "Can delete category"}, "model": "auth.permission"}, {"fields": {"codename": "add_scoresystem", "content_type": ["app", "scoresystem"], "name": "Can add score system"}, "model": "auth.permission"}, {"fields": {"codename": "change_scoresystem", "content_type": ["app", "scoresystem"], "name": "Can change score system"}, "model": "auth.permission"}, {"fields": {"codename": "delete_scoresystem", "content_type": ["app", "scoresystem"], "name": "Can delete score system"}, "model": "auth.permission"}, {"fields": {"codename": "add_tournament", "content_type": ["app", "tournament"], "name": "Can add tournament"}, "model": "auth.permission"}, {"fields": {"codename": "change_tournament", "content_type": ["app", "tournament"], "name": "Can change tournament"}, "model": "auth.permission"}, {"fields": {"codename": "delete_tournament", "content_type": ["app", "tournament"], "name": "Can delete tournament"}, "model": "auth.permission"}, {"fields": {"codename": "add_results", "content_type": ["app", "results"], "name": "Can add Result"}, "model": "auth.permission"}, {"fields": {"codename": "change_results", "content_type": ["app", "results"], "name": "Can change Result"}, "model": "auth.permission"}, {"fields": {"codename": "delete_results", "content_type": ["app", "results"], "name": "Can delete Result"}, "model": "auth.permission"}, {"fields": {"date_joined": "2015-11-28T14:13:27.126Z", "password": "pbkdf2_sha256$20000$bj19bcS72WI0$b/KaOyPja/+j1Gd272vJFYphVKkcEFMFzzRUpF5Sx5M=", "last_name": "", "username": "nonni", "groups": [], "user_permissions": [], "is_active": true, "last_login": "2015-11-28T14:14:27.007Z", "email": "", "is_staff": true, "first_name": "", "is_superuser": true}, "model": "auth.user"}, {"fields": {"change_message": "", "action_time": "2015-11-28T14:14:48.439Z", "action_flag": 1, "object_id": "1", "object_repr": "Sparring", "user": ["nonni"], "content_type": ["app", "category"]}, "model": "admin.logentry", "pk": 1}, {"fields": {"change_message": "", "action_time": "2015-11-28T14:14:53.932Z", "action_flag": 1, "object_id": "2", "object_repr": "P\u00famse - einstaklings", "user": ["nonni"], "content_type": ["app", "category"]}, "model": "admin.logentry", "pk": 2}, {"fields": {"change_message": "", "action_time": "2015-11-28T14:15:00.679Z", "action_flag": 1, "object_id": "3", "object_repr": "P\u00famse - para", "user": ["nonni"], "content_type": ["app", "category"]}, "model": "admin.logentry", "pk": 3}, {"fields": {"change_message": "", "action_time": "2015-11-28T14:15:04.071Z", "action_flag": 1, "object_id": "4", "object_repr": "P\u00famse - h\u00f3pa", "user": ["nonni"], "content_type": ["app", "category"]}, "model": "admin.logentry", "pk": 4}, {"fields": {"change_message": "", "action_time": "2015-11-28T14:15:28.488Z", "action_flag": 1, "object_id": "1", "object_repr": "1. s\u00e6ti (4 stig)", "user": ["nonni"], "content_type": ["app", "scoreitem"]}, "model": "admin.logentry", "pk": 5}, {"fields": {"change_message": "", "action_time": "2015-11-28T14:15:32.371Z", "action_flag": 1, "object_id": "2", "object_repr": "2. s\u00e6ti (2 stig)", "user": ["nonni"], "content_type": ["app", "scoreitem"]}, "model": "admin.logentry", "pk": 6}, {"fields": {"change_message": "", "action_time": "2015-11-28T14:15:36.171Z", "action_flag": 1, "object_id": "3", "object_repr": "3. s\u00e6ti (1 stig)", "user": ["nonni"], "content_type": ["app", "scoreitem"]}, "model": "admin.logentry", "pk": 7}, {"fields": {"change_message": "", "action_time": "2015-11-28T14:15:53.667Z", "action_flag": 1, "object_id": "1", "object_repr": "Sparring (BM)", "user": ["nonni"], "content_type": ["app", "scoresystem"]}, "model": "admin.logentry", "pk": 8}, {"fields": {"change_message": "", "action_time": "2015-11-28T14:16:13.923Z", "action_flag": 1, "object_id": "2", "object_repr": "P\u00famse - einstaklings (BM)", "user": ["nonni"], "content_type": ["app", "scoresystem"]}, "model": "admin.logentry", "pk": 9}, {"fields": {"change_message": "", "action_time": "2015-11-28T14:16:31.751Z", "action_flag": 1, "object_id": "4", "object_repr": "1. s\u00e6ti (3 stig)", "user": ["nonni"], "content_type": ["app", "scoreitem"]}, "model": "admin.logentry", "pk": 10}, {"fields": {"change_message": "", "action_time": "2015-11-28T14:16:36.729Z", "action_flag": 1, "object_id": "5", "object_repr": "2. s\u00e6ti (2 stig)", "user": ["nonni"], "content_type": ["app", "scoreitem"]}, "model": "admin.logentry", "pk": 11}, {"fields": {"change_message": "", "action_time": "2015-11-28T14:17:08.533Z", "action_flag": 3, "object_id": "4", "object_repr": "1. s\u00e6ti (3 stig)", "user": ["nonni"], "content_type": ["app", "scoreitem"]}, "model": "admin.logentry", "pk": 12}, {"fields": {"change_message": "", "action_time": "2015-11-28T14:17:38.504Z", "action_flag": 3, "object_id": "5", "object_repr": "2. s\u00e6ti (2 stig)", "user": ["nonni"], "content_type": ["app", "scoreitem"]}, "model": "admin.logentry", "pk": 13}, {"fields": {"change_message": "", "action_time": "2015-11-28T14:18:07.574Z", "action_flag": 1, "object_id": "6", "object_repr": "1. s\u00e6ti (3 stig)", "user": ["nonni"], "content_type": ["app", "scoreitem"]}, "model": "admin.logentry", "pk": 14}, {"fields": {"change_message": "", "action_time": "2015-11-28T14:18:22.949Z", "action_flag": 1, "object_id": "3", "object_repr": "P\u00famse - para (BM)", "user": ["nonni"], "content_type": ["app", "scoresystem"]}, "model": "admin.logentry", "pk": 15}, {"fields": {"change_message": "", "action_time": "2015-11-28T14:18:37.600Z", "action_flag": 1, "object_id": "4", "object_repr": "P\u00famse - h\u00f3pa (BM)", "user": ["nonni"], "content_type": ["app", "scoresystem"]}, "model": "admin.logentry", "pk": 16}, {"fields": {"change_message": "", "action_time": "2015-11-28T14:19:47.365Z", "action_flag": 1, "object_id": "1", "object_repr": "Bikarm\u00f3t 1 - 2015", "user": ["nonni"], "content_type": ["app", "tournament"]}, "model": "admin.logentry", "pk": 17}, {"fields": {"change_message": "", "action_time": "2015-11-28T14:20:17.864Z", "action_flag": 1, "object_id": "1", "object_repr": "Ger\u00f0ur Eva Halld\u00f3rsd\u00f3ttir - 1. s\u00e6ti - Sparring", "user": ["nonni"], "content_type": ["app", "results"]}, "model": "admin.logentry", "pk": 18}, {"fields": {"change_message": "", "action_time": "2015-11-28T14:20:31.426Z", "action_flag": 1, "object_id": "2", "object_repr": "Ger\u00f0ur Eva Halld\u00f3rsd\u00f3ttir - 2. s\u00e6ti - P\u00famse - einstaklings", "user": ["nonni"], "content_type": ["app", "results"]}, "model": "admin.logentry", "pk": 19}, {"fields": {"change_message": "", "action_time": "2015-11-28T14:20:44.385Z", "action_flag": 1, "object_id": "3", "object_repr": "\u00cdrunn Ketilsd\u00f3ttir - 1. s\u00e6ti - P\u00famse - h\u00f3pa", "user": ["nonni"], "content_type": ["app", "results"]}, "model": "admin.logentry", "pk": 20}, {"fields": {"change_message": "", "action_time": "2015-11-28T14:20:54.861Z", "action_flag": 1, "object_id": "4", "object_repr": "\u00cdrunn Ketilsd\u00f3ttir - 3. s\u00e6ti - P\u00famse - einstaklings", "user": ["nonni"], "content_type": ["app", "results"]}, "model": "admin.logentry", "pk": 21}, {"fields": {"change_message": "", "action_time": "2015-11-28T14:37:39.625Z", "action_flag": 3, "object_id": "2", "object_repr": "Ger\u00f0ur Eva Halld\u00f3rsd\u00f3ttir - 2. s\u00e6ti - P\u00famse - einstaklings", "user": ["nonni"], "content_type": ["app", "results"]}, "model": "admin.logentry", "pk": 22}, {"fields": {"change_message": "", "action_time": "2015-11-28T14:37:39.636Z", "action_flag": 3, "object_id": "1", "object_repr": "Ger\u00f0ur Eva Halld\u00f3rsd\u00f3ttir - 1. s\u00e6ti - Sparring", "user": ["nonni"], "content_type": ["app", "results"]}, "model": "admin.logentry", "pk": 23}, {"fields": {"change_message": "", "action_time": "2015-11-28T14:37:39.638Z", "action_flag": 3, "object_id": "4", "object_repr": "\u00cdrunn Ketilsd\u00f3ttir - 3. s\u00e6ti - P\u00famse - einstaklings", "user": ["nonni"], "content_type": ["app", "results"]}, "model": "admin.logentry", "pk": 24}, {"fields": {"change_message": "", "action_time": "2015-11-28T14:37:39.640Z", "action_flag": 3, "object_id": "3", "object_repr": "\u00cdrunn Ketilsd\u00f3ttir - 1. s\u00e6ti - P\u00famse - h\u00f3pa", "user": ["nonni"], "content_type": ["app", "results"]}, "model": "admin.logentry", "pk": 25}, {"fields": {"change_message": "", "action_time": "2015-11-28T14:38:21.042Z", "action_flag": 1, "object_id": "5", "object_repr": "\u00cdrunn Ketilsd\u00f3ttir - 1. s\u00e6ti - P\u00famse - einstaklings", "user": ["nonni"], "content_type": ["app", "results"]}, "model": "admin.logentry", "pk": 26}, {"fields": {"change_message": "", "action_time": "2015-11-28T14:38:52.128Z", "action_flag": 1, "object_id": "6", "object_repr": "J\u00f3n Gu\u00f0mundarson Selmuson - 2. s\u00e6ti - P\u00famse - einstaklings", "user": ["nonni"], "content_type": ["app", "results"]}, "model": "admin.logentry", "pk": 27}, {"fields": {"change_message": "", "action_time": "2015-11-28T14:39:42.715Z", "action_flag": 1, "object_id": "44", "object_repr": "Sigurj\u00f3n \u00d3lafsson", "user": ["nonni"], "content_type": ["app", "athlete"]}, "model": "admin.logentry", "pk": 28}, {"fields": {"change_message": "", "action_time": "2015-11-28T14:39:53.860Z", "action_flag": 1, "object_id": "7", "object_repr": "Sigurj\u00f3n \u00d3lafsson - 1. s\u00e6ti - P\u00famse - einstaklings", "user": ["nonni"], "content_type": ["app", "results"]}, "model": "admin.logentry", "pk": 29}, {"fields": {"change_message": "", "action_time": "2015-11-28T14:40:10.529Z", "action_flag": 1, "object_id": "8", "object_repr": "Krist\u00edn Mar\u00eda Vilhj\u00e1lmsd\u00f3ttir - 2. s\u00e6ti - P\u00famse - einstaklings", "user": ["nonni"], "content_type": ["app", "results"]}, "model": "admin.logentry", "pk": 30}, {"fields": {"change_message": "", "action_time": "2015-11-28T14:40:29.364Z", "action_flag": 1, "object_id": "9", "object_repr": "Ger\u00f0ur Eva Halld\u00f3rsd\u00f3ttir - 1. s\u00e6ti - P\u00famse - einstaklings", "user": ["nonni"], "content_type": ["app", "results"]}, "model": "admin.logentry", "pk": 31}, {"fields": {"change_message": "", "action_time": "2015-11-28T14:40:37.866Z", "action_flag": 1, "object_id": "10", "object_repr": "\u00c1lfd\u00eds Freyja Hansd\u00f3ttir - 3. s\u00e6ti - P\u00famse - einstaklings", "user": ["nonni"], "content_type": ["app", "results"]}, "model": "admin.logentry", "pk": 32}, {"fields": {"change_message": "", "action_time": "2015-11-28T14:40:52.628Z", "action_flag": 1, "object_id": "11", "object_repr": "Viktor Sn\u00e6r Flosason - 1. s\u00e6ti - P\u00famse - einstaklings", "user": ["nonni"], "content_type": ["app", "results"]}, "model": "admin.logentry", "pk": 33}, {"fields": {"change_message": "", "action_time": "2015-11-28T14:42:39.379Z", "action_flag": 1, "object_id": "45", "object_repr": "Snorri Bjarkarson", "user": ["nonni"], "content_type": ["app", "athlete"]}, "model": "admin.logentry", "pk": 34}, {"fields": {"change_message": "", "action_time": "2015-11-28T14:42:54.565Z", "action_flag": 1, "object_id": "12", "object_repr": "Snorri Bjarkarson - 3. s\u00e6ti - P\u00famse - einstaklings", "user": ["nonni"], "content_type": ["app", "results"]}, "model": "admin.logentry", "pk": 35}, {"fields": {"change_message": "", "action_time": "2015-11-28T14:43:10.086Z", "action_flag": 1, "object_id": "13", "object_repr": "Krist\u00edn Mar\u00eda Vilhj\u00e1lmsd\u00f3ttir - 1. s\u00e6ti - P\u00famse - einstaklings", "user": ["nonni"], "content_type": ["app", "results"]}, "model": "admin.logentry", "pk": 36}, {"fields": {"change_message": "", "action_time": "2015-11-28T14:43:26.381Z", "action_flag": 1, "object_id": "14", "object_repr": "Isad\u00f3ra Bjarkard\u00f3ttir Barney - 1. s\u00e6ti - P\u00famse - einstaklings", "user": ["nonni"], "content_type": ["app", "results"]}, "model": "admin.logentry", "pk": 37}, {"fields": {"change_message": "", "action_time": "2015-11-28T14:43:48.849Z", "action_flag": 1, "object_id": "15", "object_repr": "J\u00f6kull Orri Gylfason - 3. s\u00e6ti - P\u00famse - einstaklings", "user": ["nonni"], "content_type": ["app", "results"]}, "model": "admin.logentry", "pk": 38}, {"fields": {"change_message": "", "action_time": "2015-11-28T14:44:18.833Z", "action_flag": 1, "object_id": "16", "object_repr": "J\u00f6kull Orri Gylfason - 2. s\u00e6ti - P\u00famse - para", "user": ["nonni"], "content_type": ["app", "results"]}, "model": "admin.logentry", "pk": 39}, {"fields": {"change_message": "", "action_time": "2015-11-28T14:44:29.253Z", "action_flag": 1, "object_id": "17", "object_repr": "Isad\u00f3ra Bjarkard\u00f3ttir Barney - 2. s\u00e6ti - P\u00famse - para", "user": ["nonni"], "content_type": ["app", "results"]}, "model": "admin.logentry", "pk": 40}, {"fields": {"change_message": "", "action_time": "2015-11-28T14:44:57.953Z", "action_flag": 1, "object_id": "18", "object_repr": "Viktor Sn\u00e6r Flosason - 3. s\u00e6ti - P\u00famse - para", "user": ["nonni"], "content_type": ["app", "results"]}, "model": "admin.logentry", "pk": 41}, {"fields": {"change_message": "", "action_time": "2015-11-28T14:45:18.723Z", "action_flag": 1, "object_id": "19", "object_repr": "Krist\u00edn Mar\u00eda Vilhj\u00e1lmsd\u00f3ttir - 3. s\u00e6ti - P\u00famse - para", "user": ["nonni"], "content_type": ["app", "results"]}, "model": "admin.logentry", "pk": 42}, {"fields": {"change_message": "Changed athlete.", "action_time": "2015-11-28T14:46:08.031Z", "action_flag": 2, "object_id": "13", "object_repr": "Krist\u00edn Vilhj\u00e1lmsd\u00f3ttir - 1. s\u00e6ti - P\u00famse - einstaklings", "user": ["nonni"], "content_type": ["app", "results"]}, "model": "admin.logentry", "pk": 43}, {"fields": {"change_message": "", "action_time": "2015-11-28T14:47:04.792Z", "action_flag": 1, "object_id": "20", "object_repr": "\u00c1lfd\u00eds Freyja Hansd\u00f3ttir - 1. s\u00e6ti - P\u00famse - h\u00f3pa", "user": ["nonni"], "content_type": ["app", "results"]}, "model": "admin.logentry", "pk": 44}, {"fields": {"change_message": "", "action_time": "2015-11-28T14:47:14.473Z", "action_flag": 1, "object_id": "21", "object_repr": "Krist\u00edn Mar\u00eda Vilhj\u00e1lmsd\u00f3ttir - 1. s\u00e6ti - P\u00famse - h\u00f3pa", "user": ["nonni"], "content_type": ["app", "results"]}, "model": "admin.logentry", "pk": 45}, {"fields": {"change_message": "", "action_time": "2015-11-28T14:47:24.862Z", "action_flag": 1, "object_id": "22", "object_repr": "Ger\u00f0ur Eva Halld\u00f3rsd\u00f3ttir - 1. s\u00e6ti - P\u00famse - h\u00f3pa", "user": ["nonni"], "content_type": ["app", "results"]}, "model": "admin.logentry", "pk": 46}, {"fields": {"change_message": "", "action_time": "2015-11-28T14:47:40.706Z", "action_flag": 1, "object_id": "23", "object_repr": "Ey\u00fe\u00f3r Atli Reynisson - 1. s\u00e6ti - P\u00famse - h\u00f3pa", "user": ["nonni"], "content_type": ["app", "results"]}, "model": "admin.logentry", "pk": 47}, {"fields": {"change_message": "", "action_time": "2015-11-28T14:47:51.243Z", "action_flag": 1, "object_id": "24", "object_repr": "H\u00e1kon Jan Nor\u00f0fj\u00f6r\u00f0 - 1. s\u00e6ti - P\u00famse - h\u00f3pa", "user": ["nonni"], "content_type": ["app", "results"]}, "model": "admin.logentry", "pk": 48}, {"fields": {"change_message": "", "action_time": "2015-11-28T14:48:02.095Z", "action_flag": 1, "object_id": "25", "object_repr": "Viktor Sn\u00e6r Flosason - 1. s\u00e6ti - P\u00famse - h\u00f3pa", "user": ["nonni"], "content_type": ["app", "results"]}, "model": "admin.logentry", "pk": 49}, {"fields": {"change_message": "", "action_time": "2015-11-28T14:49:26.127Z", "action_flag": 1, "object_id": "46", "object_repr": "Samar-E-Zahida Uz-Zaman", "user": ["nonni"], "content_type": ["app", "athlete"]}, "model": "admin.logentry", "pk": 50}, {"fields": {"change_message": "", "action_time": "2015-11-28T14:49:33.237Z", "action_flag": 1, "object_id": "26", "object_repr": "Samar-E-Zahida Uz-Zaman - 1. s\u00e6ti - P\u00famse - einstaklings", "user": ["nonni"], "content_type": ["app", "results"]}, "model": "admin.logentry", "pk": 51}, {"fields": {"change_message": "", "action_time": "2015-11-28T14:49:52.092Z", "action_flag": 1, "object_id": "27", "object_repr": "H\u00e1kon Jan Nor\u00f0fj\u00f6r\u00f0 - 2. s\u00e6ti - P\u00famse - einstaklings", "user": ["nonni"], "content_type": ["app", "results"]}, "model": "admin.logentry", "pk": 52}, {"fields": {"change_message": "", "action_time": "2015-11-28T14:50:00.031Z", "action_flag": 1, "object_id": "28", "object_repr": "Ey\u00fe\u00f3r Atli Reynisson - 3. s\u00e6ti - P\u00famse - einstaklings", "user": ["nonni"], "content_type": ["app", "results"]}, "model": "admin.logentry", "pk": 53}, {"fields": {"change_message": "", "action_time": "2015-11-28T14:50:19.865Z", "action_flag": 1, "object_id": "29", "object_repr": "\u00cdrunn Ketilsd\u00f3ttir - 2. s\u00e6ti - P\u00famse - para", "user": ["nonni"], "content_type": ["app", "results"]}, "model": "admin.logentry", "pk": 54}, {"fields": {"change_message": "", "action_time": "2015-11-28T14:50:30.763Z", "action_flag": 1, "object_id": "30", "object_repr": "J\u00f3n Gu\u00f0mundarson Selmuson - 2. s\u00e6ti - P\u00famse - para", "user": ["nonni"], "content_type": ["app", "results"]}, "model": "admin.logentry", "pk": 55}, {"fields": {"change_message": "", "action_time": "2015-11-28T14:50:59.608Z", "action_flag": 1, "object_id": "31", "object_repr": "Samar-E-Zahida Uz-Zaman - 1. s\u00e6ti - P\u00famse - para", "user": ["nonni"], "content_type": ["app", "results"]}, "model": "admin.logentry", "pk": 56}, {"fields": {"change_message": "", "action_time": "2015-11-28T14:51:06.949Z", "action_flag": 1, "object_id": "32", "object_repr": "Ey\u00fe\u00f3r Atli Reynisson - 1. s\u00e6ti - P\u00famse - para", "user": ["nonni"], "content_type": ["app", "results"]}, "model": "admin.logentry", "pk": 57}, {"fields": {"change_message": "", "action_time": "2015-11-28T14:51:18.199Z", "action_flag": 1, "object_id": "33", "object_repr": "H\u00e1kon Jan Nor\u00f0fj\u00f6r\u00f0 - 2. s\u00e6ti - P\u00famse - para", "user": ["nonni"], "content_type": ["app", "results"]}, "model": "admin.logentry", "pk": 58}, {"fields": {"change_message": "", "action_time": "2015-11-28T14:51:27.291Z", "action_flag": 1, "object_id": "34", "object_repr": "Ger\u00f0ur Eva Halld\u00f3rsd\u00f3ttir - 2. s\u00e6ti - P\u00famse - para", "user": ["nonni"], "content_type": ["app", "results"]}, "model": "admin.logentry", "pk": 59}, {"fields": {"change_message": "", "action_time": "2015-11-28T14:51:40.899Z", "action_flag": 1, "object_id": "35", "object_repr": "Sigurj\u00f3n \u00d3lafsson - 1. s\u00e6ti - P\u00famse - h\u00f3pa", "user": ["nonni"], "content_type": ["app", "results"]}, "model": "admin.logentry", "pk": 60}, {"fields": {"change_message": "", "action_time": "2015-11-28T14:51:48.773Z", "action_flag": 1, "object_id": "36", "object_repr": "J\u00f3n Gu\u00f0mundarson Selmuson - 1. s\u00e6ti - P\u00famse - h\u00f3pa", "user": ["nonni"], "content_type": ["app", "results"]}, "model": "admin.logentry", "pk": 61}, {"fields": {"change_message": "", "action_time": "2015-11-28T14:51:56.048Z", "action_flag": 1, "object_id": "37", "object_repr": "Halld\u00f3r Freyr Grettisson - 1. s\u00e6ti - P\u00famse - h\u00f3pa", "user": ["nonni"], "content_type": ["app", "results"]}, "model": "admin.logentry", "pk": 62}, {"fields": {"change_message": "", "action_time": "2015-11-28T14:52:36.009Z", "action_flag": 1, "object_id": "38", "object_repr": "Krist\u00edn Vilhj\u00e1lmsd\u00f3ttir - 1. s\u00e6ti - Sparring", "user": ["nonni"], "content_type": ["app", "results"]}, "model": "admin.logentry", "pk": 63}, {"fields": {"change_message": "", "action_time": "2015-11-28T14:53:02.218Z", "action_flag": 1, "object_id": "39", "object_repr": "J\u00f6kull Orri Gylfason - 2. s\u00e6ti - Sparring", "user": ["nonni"], "content_type": ["app", "results"]}, "model": "admin.logentry", "pk": 64}, {"fields": {"change_message": "", "action_time": "2015-11-28T14:53:33.396Z", "action_flag": 1, "object_id": "40", "object_repr": "Ger\u00f0ur Eva Halld\u00f3rsd\u00f3ttir - 1. s\u00e6ti - Sparring", "user": ["nonni"], "content_type": ["app", "results"]}, "model": "admin.logentry", "pk": 65}, {"fields": {"change_message": "", "action_time": "2015-11-28T14:53:45.954Z", "action_flag": 1, "object_id": "41", "object_repr": "Ey\u00fe\u00f3r Atli Reynisson - 2. s\u00e6ti - Sparring", "user": ["nonni"], "content_type": ["app", "results"]}, "model": "admin.logentry", "pk": 66}, {"fields": {"change_message": "", "action_time": "2015-11-28T14:53:59.552Z", "action_flag": 1, "object_id": "42", "object_repr": "H\u00e1kon Jan Nor\u00f0fj\u00f6r\u00f0 - 2. s\u00e6ti - Sparring", "user": ["nonni"], "content_type": ["app", "results"]}, "model": "admin.logentry", "pk": 67}, {"fields": {"change_message": "", "action_time": "2015-11-28T14:54:13.432Z", "action_flag": 1, "object_id": "43", "object_repr": "Snorri Bjarkarson - 1. s\u00e6ti - Sparring", "user": ["nonni"], "content_type": ["app", "results"]}, "model": "admin.logentry", "pk": 68}, {"fields": {"change_message": "", "action_time": "2015-11-28T14:54:32.169Z", "action_flag": 1, "object_id": "44", "object_repr": "J\u00f3n Gu\u00f0mundarson Selmuson - 3. s\u00e6ti - Sparring", "user": ["nonni"], "content_type": ["app", "results"]}, "model": "admin.logentry", "pk": 69}, {"fields": {"change_message": "", "action_time": "2015-11-28T14:54:54.754Z", "action_flag": 1, "object_id": "45", "object_repr": "Halld\u00f3r Freyr Grettisson - 1. s\u00e6ti - Sparring", "user": ["nonni"], "content_type": ["app", "results"]}, "model": "admin.logentry", "pk": 70}, {"fields": {"change_message": "", "action_time": "2015-11-28T14:55:02.526Z", "action_flag": 1, "object_id": "46", "object_repr": "Viktor Sn\u00e6r Flosason - 2. s\u00e6ti - Sparring", "user": ["nonni"], "content_type": ["app", "results"]}, "model": "admin.logentry", "pk": 71}, {"fields": {"change_message": "", "action_time": "2015-11-28T15:00:53.089Z", "action_flag": 1, "object_id": "7", "object_repr": "1. s\u00e6ti (5 stig)", "user": ["nonni"], "content_type": ["app", "scoreitem"]}, "model": "admin.logentry", "pk": 72}, {"fields": {"change_message": "", "action_time": "2015-11-28T15:01:07.953Z", "action_flag": 1, "object_id": "8", "object_repr": "2. s\u00e6ti (3 stig)", "user": ["nonni"], "content_type": ["app", "scoreitem"]}, "model": "admin.logentry", "pk": 73}, {"fields": {"change_message": "", "action_time": "2015-11-28T15:01:30.345Z", "action_flag": 1, "object_id": "5", "object_repr": "Sparring (\u00cdM)", "user": ["nonni"], "content_type": ["app", "scoresystem"]}, "model": "admin.logentry", "pk": 74}, {"fields": {"change_message": "", "action_time": "2015-11-28T15:01:44.764Z", "action_flag": 1, "object_id": "6", "object_repr": "P\u00famse - einstaklings (\u00cdM)", "user": ["nonni"], "content_type": ["app", "scoresystem"]}, "model": "admin.logentry", "pk": 75}, {"fields": {"change_message": "", "action_time": "2015-11-28T15:02:21.520Z", "action_flag": 1, "object_id": "7", "object_repr": "P\u00famse - para (\u00cdM)", "user": ["nonni"], "content_type": ["app", "scoresystem"]}, "model": "admin.logentry", "pk": 76}, {"fields": {"change_message": "", "action_time": "2015-11-28T15:02:45.303Z", "action_flag": 1, "object_id": "8", "object_repr": "P\u00famse - h\u00f3pa (\u00cdM)", "user": ["nonni"], "content_type": ["app", "scoresystem"]}, "model": "admin.logentry", "pk": 77}, {"fields": {"change_message": "", "action_time": "2015-11-28T15:04:48.979Z", "action_flag": 1, "object_id": "47", "object_repr": "Ari \u00de\u00f3r Kristmundsson", "user": ["nonni"], "content_type": ["app", "athlete"]}, "model": "admin.logentry", "pk": 78}, {"fields": {"change_message": "", "action_time": "2015-11-28T15:05:00.434Z", "action_flag": 1, "object_id": "47", "object_repr": "Ari \u00de\u00f3r Kristmundsson - 2. s\u00e6ti - P\u00famse - einstaklings", "user": ["nonni"], "content_type": ["app", "results"]}, "model": "admin.logentry", "pk": 79}, {"fields": {"change_message": "", "action_time": "2015-11-28T15:05:19.866Z", "action_flag": 1, "object_id": "48", "object_repr": "P\u00e9tur Valur Thors - 2. s\u00e6ti - P\u00famse - einstaklings", "user": ["nonni"], "content_type": ["app", "results"]}, "model": "admin.logentry", "pk": 80}, {"fields": {"change_message": "", "action_time": "2015-11-28T15:05:32.409Z", "action_flag": 1, "object_id": "49", "object_repr": "\u00d3lafur P\u00e9tur \u00de\u00f3rj\u00f3nsson - 1. s\u00e6ti - P\u00famse - einstaklings", "user": ["nonni"], "content_type": ["app", "results"]}, "model": "admin.logentry", "pk": 81}, {"fields": {"change_message": "", "action_time": "2015-11-28T15:05:55.567Z", "action_flag": 1, "object_id": "50", "object_repr": "Aron Kristinn Haraldsson - 3. s\u00e6ti - P\u00famse - einstaklings", "user": ["nonni"], "content_type": ["app", "results"]}, "model": "admin.logentry", "pk": 82}, {"fields": {"change_message": "", "action_time": "2015-11-28T15:06:15.190Z", "action_flag": 1, "object_id": "51", "object_repr": "Sverrir \u00de\u00f3r Vilhj\u00e1lmsson - 2. s\u00e6ti - P\u00famse - einstaklings", "user": ["nonni"], "content_type": ["app", "results"]}, "model": "admin.logentry", "pk": 83}, {"fields": {"change_message": "", "action_time": "2015-11-28T15:06:39.477Z", "action_flag": 1, "object_id": "52", "object_repr": "\u00dalfar Heimisson - 3. s\u00e6ti - P\u00famse - h\u00f3pa", "user": ["nonni"], "content_type": ["app", "results"]}, "model": "admin.logentry", "pk": 84}, {"fields": {"change_message": "", "action_time": "2015-11-28T15:06:47.702Z", "action_flag": 1, "object_id": "53", "object_repr": "Einar P\u00e1ll Dav\u00ed\u00f0sson - 3. s\u00e6ti - P\u00famse - h\u00f3pa", "user": ["nonni"], "content_type": ["app", "results"]}, "model": "admin.logentry", "pk": 85}, {"fields": {"change_message": "", "action_time": "2015-11-28T15:06:55.758Z", "action_flag": 1, "object_id": "54", "object_repr": "Arn\u00f3r Breki Cilia - 3. s\u00e6ti - P\u00famse - h\u00f3pa", "user": ["nonni"], "content_type": ["app", "results"]}, "model": "admin.logentry", "pk": 86}, {"fields": {"change_message": "", "action_time": "2015-11-28T15:07:27.989Z", "action_flag": 1, "object_id": "55", "object_repr": "\u00c6var Nunez Kvaran - 2. s\u00e6ti - P\u00famse - para", "user": ["nonni"], "content_type": ["app", "results"]}, "model": "admin.logentry", "pk": 87}, {"fields": {"change_message": "", "action_time": "2015-11-28T15:07:36.548Z", "action_flag": 1, "object_id": "56", "object_repr": "Sverrir \u00de\u00f3r Vilhj\u00e1lmsson - 2. s\u00e6ti - P\u00famse - para", "user": ["nonni"], "content_type": ["app", "results"]}, "model": "admin.logentry", "pk": 88}, {"fields": {"change_message": "", "action_time": "2015-11-28T15:07:50.785Z", "action_flag": 1, "object_id": "57", "object_repr": "\u00c6var Nunez Kvaran - 2. s\u00e6ti - P\u00famse - h\u00f3pa", "user": ["nonni"], "content_type": ["app", "results"]}, "model": "admin.logentry", "pk": 89}, {"fields": {"change_message": "", "action_time": "2015-11-28T15:07:59.977Z", "action_flag": 1, "object_id": "58", "object_repr": "Sverrir \u00de\u00f3r Vilhj\u00e1lmsson - 2. s\u00e6ti - P\u00famse - h\u00f3pa", "user": ["nonni"], "content_type": ["app", "results"]}, "model": "admin.logentry", "pk": 90}, {"fields": {"change_message": "", "action_time": "2015-11-28T15:08:08.634Z", "action_flag": 1, "object_id": "59", "object_repr": "Vilhj\u00e1lmur \u00de\u00f3r Olsen - 2. s\u00e6ti - P\u00famse - h\u00f3pa", "user": ["nonni"], "content_type": ["app", "results"]}, "model": "admin.logentry", "pk": 91}, {"fields": {"change_message": "", "action_time": "2015-11-28T15:08:37.606Z", "action_flag": 1, "object_id": "60", "object_repr": "Arn\u00f3r Breki Cilia - 1. s\u00e6ti - Sparring", "user": ["nonni"], "content_type": ["app", "results"]}, "model": "admin.logentry", "pk": 92}, {"fields": {"change_message": "", "action_time": "2015-11-28T15:09:04.352Z", "action_flag": 1, "object_id": "61", "object_repr": "\u00dalfar Heimisson - 3. s\u00e6ti - Sparring", "user": ["nonni"], "content_type": ["app", "results"]}, "model": "admin.logentry", "pk": 93}, {"fields": {"change_message": "", "action_time": "2015-11-28T15:09:21.171Z", "action_flag": 1, "object_id": "62", "object_repr": "Tupac T\u00fdr Nunez Kvaran - 2. s\u00e6ti - Sparring", "user": ["nonni"], "content_type": ["app", "results"]}, "model": "admin.logentry", "pk": 94}, {"fields": {"change_message": "", "action_time": "2015-11-28T15:09:29.511Z", "action_flag": 1, "object_id": "63", "object_repr": "P\u00e9tur Valur Thors - 1. s\u00e6ti - Sparring", "user": ["nonni"], "content_type": ["app", "results"]}, "model": "admin.logentry", "pk": 95}, {"fields": {"change_message": "", "action_time": "2015-11-28T15:09:51.762Z", "action_flag": 1, "object_id": "64", "object_repr": "Sunna Lind Ingvarsd\u00f3ttir - 2. s\u00e6ti - Sparring", "user": ["nonni"], "content_type": ["app", "results"]}, "model": "admin.logentry", "pk": 96}, {"fields": {"change_message": "", "action_time": "2015-11-28T15:10:11.526Z", "action_flag": 1, "object_id": "65", "object_repr": "Aron Kristinn Haraldsson - 2. s\u00e6ti - Sparring", "user": ["nonni"], "content_type": ["app", "results"]}, "model": "admin.logentry", "pk": 97}, {"fields": {"change_message": "", "action_time": "2015-11-28T15:10:28.396Z", "action_flag": 1, "object_id": "66", "object_repr": "\u00c6var Nunez Kvaran - 1. s\u00e6ti - Sparring", "user": ["nonni"], "content_type": ["app", "results"]}, "model": "admin.logentry", "pk": 98}, {"fields": {"change_message": "", "action_time": "2015-11-28T15:10:45.852Z", "action_flag": 1, "object_id": "67", "object_repr": "Ar\u00edanna Rakel Almarsd\u00f3ttir - 3. s\u00e6ti - Sparring", "user": ["nonni"], "content_type": ["app", "results"]}, "model": "admin.logentry", "pk": 99}, {"fields": {"change_message": "", "action_time": "2015-11-28T15:11:07.847Z", "action_flag": 1, "object_id": "68", "object_repr": "Almar Tristan Almarsson - 1. s\u00e6ti - Sparring", "user": ["nonni"], "content_type": ["app", "results"]}, "model": "admin.logentry", "pk": 100}, {"fields": {"change_message": "", "action_time": "2015-11-28T15:11:15.269Z", "action_flag": 1, "object_id": "69", "object_repr": "J\u00fal\u00edan R\u00edkar\u00f0ur Elmarsson - 2. s\u00e6ti - Sparring", "user": ["nonni"], "content_type": ["app", "results"]}, "model": "admin.logentry", "pk": 101}, {"fields": {"change_message": "", "action_time": "2015-11-28T15:11:22.498Z", "action_flag": 1, "object_id": "70", "object_repr": "\u00d3lafur P\u00e9tur \u00de\u00f3rj\u00f3nsson - 3. s\u00e6ti - Sparring", "user": ["nonni"], "content_type": ["app", "results"]}, "model": "admin.logentry", "pk": 102}, {"fields": {"change_message": "", "action_time": "2015-11-28T15:11:34.739Z", "action_flag": 1, "object_id": "71", "object_repr": "\u00cdris \u00de\u00f6ll Hr\u00f3bjartsd\u00f3ttir - 1. s\u00e6ti - Sparring", "user": ["nonni"], "content_type": ["app", "results"]}, "model": "admin.logentry", "pk": 103}, {"fields": {"change_message": "", "action_time": "2015-11-28T15:11:46.769Z", "action_flag": 1, "object_id": "72", "object_repr": "Ari \u00de\u00f3r Kristmundsson - 3. s\u00e6ti - Sparring", "user": ["nonni"], "content_type": ["app", "results"]}, "model": "admin.logentry", "pk": 104}, {"fields": {"change_message": "", "action_time": "2015-11-28T15:12:08.290Z", "action_flag": 1, "object_id": "73", "object_repr": "Vilhj\u00e1lmur \u00de\u00f3r Olsen - 1. s\u00e6ti - Sparring", "user": ["nonni"], "content_type": ["app", "results"]}, "model": "admin.logentry", "pk": 105}, {"fields": {"change_message": "", "action_time": "2015-11-28T15:12:15.883Z", "action_flag": 1, "object_id": "74", "object_repr": "Sverrir \u00de\u00f3r Vilhj\u00e1lmsson - 2. s\u00e6ti - Sparring", "user": ["nonni"], "content_type": ["app", "results"]}, "model": "admin.logentry", "pk": 106}, {"fields": {"change_message": "", "action_time": "2015-11-28T15:13:56.233Z", "action_flag": 1, "object_id": "2", "object_repr": "\u00edslandsm\u00f3ti\u00f0 \u00ed P\u00famse - 2015", "user": ["nonni"], "content_type": ["app", "tournament"]}, "model": "admin.logentry", "pk": 107}, {"fields": {"change_message": "", "action_time": "2015-11-28T15:14:14.392Z", "action_flag": 1, "object_id": "48", "object_repr": "Karl J\u00f3hann Gar\u00f0arsson", "user": ["nonni"], "content_type": ["app", "athlete"]}, "model": "admin.logentry", "pk": 108}, {"fields": {"change_message": "", "action_time": "2015-11-28T15:14:33.138Z", "action_flag": 1, "object_id": "75", "object_repr": "Karl J\u00f3hann Gar\u00f0arsson - 2. s\u00e6ti - P\u00famse - h\u00f3pa", "user": ["nonni"], "content_type": ["app", "results"]}, "model": "admin.logentry", "pk": 109}, {"fields": {"change_message": "", "action_time": "2015-11-28T15:14:41.954Z", "action_flag": 1, "object_id": "76", "object_repr": "J\u00f3n Gu\u00f0mundarson Selmuson - 2. s\u00e6ti - P\u00famse - h\u00f3pa", "user": ["nonni"], "content_type": ["app", "results"]}, "model": "admin.logentry", "pk": 110}, {"fields": {"change_message": "", "action_time": "2015-11-28T15:14:51.677Z", "action_flag": 1, "object_id": "77", "object_repr": "\u00de\u00f3rarinn Grettir Einarsson - 2. s\u00e6ti - P\u00famse - h\u00f3pa", "user": ["nonni"], "content_type": ["app", "results"]}, "model": "admin.logentry", "pk": 111}, {"fields": {"change_message": "", "action_time": "2015-11-28T15:15:04.988Z", "action_flag": 1, "object_id": "78", "object_repr": "\u00cdrunn Ketilsd\u00f3ttir - 1. s\u00e6ti - P\u00famse - h\u00f3pa", "user": ["nonni"], "content_type": ["app", "results"]}, "model": "admin.logentry", "pk": 112}, {"fields": {"change_message": "", "action_time": "2015-11-28T15:15:15.765Z", "action_flag": 1, "object_id": "79", "object_repr": "Antje Muller - 1. s\u00e6ti - P\u00famse - h\u00f3pa", "user": ["nonni"], "content_type": ["app", "results"]}, "model": "admin.logentry", "pk": 113}, {"fields": {"change_message": "", "action_time": "2015-11-28T15:15:28.906Z", "action_flag": 1, "object_id": "80", "object_repr": "Anna D\u00f3ra Sverrisd\u00f3ttir - 1. s\u00e6ti - P\u00famse - h\u00f3pa", "user": ["nonni"], "content_type": ["app", "results"]}, "model": "admin.logentry", "pk": 114}, {"fields": {"change_message": "", "action_time": "2015-11-28T15:15:45.427Z", "action_flag": 1, "object_id": "81", "object_repr": "Karl J\u00f3hann Gar\u00f0arsson - 1. s\u00e6ti - P\u00famse - einstaklings", "user": ["nonni"], "content_type": ["app", "results"]}, "model": "admin.logentry", "pk": 115}, {"fields": {"change_message": "", "action_time": "2015-11-28T15:15:56.505Z", "action_flag": 1, "object_id": "82", "object_repr": "J\u00f3n Gu\u00f0mundarson Selmuson - 2. s\u00e6ti - P\u00famse - einstaklings", "user": ["nonni"], "content_type": ["app", "results"]}, "model": "admin.logentry", "pk": 116}, {"fields": {"change_message": "", "action_time": "2015-11-28T15:16:21.196Z", "action_flag": 1, "object_id": "83", "object_repr": "\u00cdrunn Ketilsd\u00f3ttir - 1. s\u00e6ti - P\u00famse - einstaklings", "user": ["nonni"], "content_type": ["app", "results"]}, "model": "admin.logentry", "pk": 117}, {"fields": {"change_message": "", "action_time": "2015-11-28T15:16:30.372Z", "action_flag": 1, "object_id": "84", "object_repr": "Antje Muller - 2. s\u00e6ti - P\u00famse - einstaklings", "user": ["nonni"], "content_type": ["app", "results"]}, "model": "admin.logentry", "pk": 118}, {"fields": {"change_message": "", "action_time": "2015-11-28T15:17:15.354Z", "action_flag": 1, "object_id": "85", "object_repr": "Karl J\u00f3hann Gar\u00f0arsson - 1. s\u00e6ti - P\u00famse - para", "user": ["nonni"], "content_type": ["app", "results"]}, "model": "admin.logentry", "pk": 119}, {"fields": {"change_message": "", "action_time": "2015-11-28T15:17:23.637Z", "action_flag": 1, "object_id": "86", "object_repr": "Antje Muller - 1. s\u00e6ti - P\u00famse - para", "user": ["nonni"], "content_type": ["app", "results"]}, "model": "admin.logentry", "pk": 120}, {"fields": {"change_message": "", "action_time": "2015-11-28T15:17:35.083Z", "action_flag": 1, "object_id": "87", "object_repr": "\u00cdrunn Ketilsd\u00f3ttir - 2. s\u00e6ti - P\u00famse - para", "user": ["nonni"], "content_type": ["app", "results"]}, "model": "admin.logentry", "pk": 121}, {"fields": {"change_message": "", "action_time": "2015-11-28T15:17:42.926Z", "action_flag": 1, "object_id": "88", "object_repr": "J\u00f3n Gu\u00f0mundarson Selmuson - 2. s\u00e6ti - P\u00famse - para", "user": ["nonni"], "content_type": ["app", "results"]}, "model": "admin.logentry", "pk": 122}, {"fields": {"change_message": "", "action_time": "2015-11-28T15:18:04.105Z", "action_flag": 1, "object_id": "89", "object_repr": "Ey\u00fe\u00f3r Atli Reynisson - 1. s\u00e6ti - P\u00famse - h\u00f3pa", "user": ["nonni"], "content_type": ["app", "results"]}, "model": "admin.logentry", "pk": 123}, {"fields": {"change_message": "", "action_time": "2015-11-28T15:18:11.392Z", "action_flag": 1, "object_id": "90", "object_repr": "H\u00e1kon Jan Nor\u00f0fj\u00f6r\u00f0 - 1. s\u00e6ti - P\u00famse - h\u00f3pa", "user": ["nonni"], "content_type": ["app", "results"]}, "model": "admin.logentry", "pk": 124}, {"fields": {"change_message": "", "action_time": "2015-11-28T15:18:23.038Z", "action_flag": 1, "object_id": "91", "object_repr": "Viktor Sn\u00e6r Flosason - 1. s\u00e6ti - P\u00famse - h\u00f3pa", "user": ["nonni"], "content_type": ["app", "results"]}, "model": "admin.logentry", "pk": 125}, {"fields": {"change_message": "", "action_time": "2015-11-28T15:18:42.510Z", "action_flag": 1, "object_id": "92", "object_repr": "Ey\u00fe\u00f3r Atli Reynisson - 1. s\u00e6ti - P\u00famse - para", "user": ["nonni"], "content_type": ["app", "results"]}, "model": "admin.logentry", "pk": 126}, {"fields": {"change_message": "", "action_time": "2015-11-28T15:18:49.404Z", "action_flag": 1, "object_id": "93", "object_repr": "Samar-E-Zahida Uz-Zaman - 1. s\u00e6ti - P\u00famse - para", "user": ["nonni"], "content_type": ["app", "results"]}, "model": "admin.logentry", "pk": 127}, {"fields": {"change_message": "", "action_time": "2015-11-28T15:19:04.769Z", "action_flag": 1, "object_id": "94", "object_repr": "H\u00e1kon Jan Nor\u00f0fj\u00f6r\u00f0 - 3. s\u00e6ti - P\u00famse - para", "user": ["nonni"], "content_type": ["app", "results"]}, "model": "admin.logentry", "pk": 128}, {"fields": {"change_message": "", "action_time": "2015-11-28T15:19:13.242Z", "action_flag": 1, "object_id": "95", "object_repr": "Ger\u00f0ur Eva Halld\u00f3rsd\u00f3ttir - 3. s\u00e6ti - P\u00famse - para", "user": ["nonni"], "content_type": ["app", "results"]}, "model": "admin.logentry", "pk": 129}, {"fields": {"change_message": "", "action_time": "2015-11-28T15:19:28.122Z", "action_flag": 1, "object_id": "96", "object_repr": "Samar-E-Zahida Uz-Zaman - 2. s\u00e6ti - P\u00famse - einstaklings", "user": ["nonni"], "content_type": ["app", "results"]}, "model": "admin.logentry", "pk": 130}, {"fields": {"change_message": "", "action_time": "2015-11-28T15:19:42.726Z", "action_flag": 1, "object_id": "97", "object_repr": "Ey\u00fe\u00f3r Atli Reynisson - 2. s\u00e6ti - P\u00famse - einstaklings", "user": ["nonni"], "content_type": ["app", "results"]}, "model": "admin.logentry", "pk": 131}, {"fields": {"change_message": "", "action_time": "2015-11-28T15:19:53.504Z", "action_flag": 1, "object_id": "98", "object_repr": "H\u00e1kon Jan Nor\u00f0fj\u00f6r\u00f0 - 3. s\u00e6ti - P\u00famse - einstaklings", "user": ["nonni"], "content_type": ["app", "results"]}, "model": "admin.logentry", "pk": 132}, {"fields": {"change_message": "", "action_time": "2015-11-28T15:22:13.380Z", "action_flag": 1, "object_id": "49", "object_repr": "Hildur Baldursd\u00f3ttir", "user": ["nonni"], "content_type": ["app", "athlete"]}, "model": "admin.logentry", "pk": 133}, {"fields": {"change_message": "", "action_time": "2015-11-28T15:22:22.704Z", "action_flag": 1, "object_id": "99", "object_repr": "Hildur Baldursd\u00f3ttir - 1. s\u00e6ti - P\u00famse - einstaklings - \u00edslandsm\u00f3ti\u00f0 \u00ed P\u00famse - 2015", "user": ["nonni"], "content_type": ["app", "results"]}, "model": "admin.logentry", "pk": 134}, {"fields": {"change_message": "", "action_time": "2015-11-28T15:22:38.089Z", "action_flag": 1, "object_id": "100", "object_repr": "Ger\u00f0ur Eva Halld\u00f3rsd\u00f3ttir - 3. s\u00e6ti - P\u00famse - einstaklings - \u00edslandsm\u00f3ti\u00f0 \u00ed P\u00famse - 2015", "user": ["nonni"], "content_type": ["app", "results"]}, "model": "admin.logentry", "pk": 135}, {"fields": {"change_message": "", "action_time": "2015-11-28T15:22:51.926Z", "action_flag": 1, "object_id": "101", "object_repr": "Viktor Sn\u00e6r Flosason - 3. s\u00e6ti - P\u00famse - einstaklings - \u00edslandsm\u00f3ti\u00f0 \u00ed P\u00famse - 2015", "user": ["nonni"], "content_type": ["app", "results"]}, "model": "admin.logentry", "pk": 136}, {"fields": {"change_message": "", "action_time": "2015-11-28T15:23:06.741Z", "action_flag": 1, "object_id": "102", "object_repr": "Krist\u00edn Mar\u00eda Vilhj\u00e1lmsd\u00f3ttir - 3. s\u00e6ti - P\u00famse - einstaklings - \u00edslandsm\u00f3ti\u00f0 \u00ed P\u00famse - 2015", "user": ["nonni"], "content_type": ["app", "results"]}, "model": "admin.logentry", "pk": 137}, {"fields": {"change_message": "", "action_time": "2015-11-28T15:23:24.549Z", "action_flag": 1, "object_id": "103", "object_repr": "Anna D\u00f3ra Sverrisd\u00f3ttir - 2. s\u00e6ti - P\u00famse - einstaklings - \u00edslandsm\u00f3ti\u00f0 \u00ed P\u00famse - 2015", "user": ["nonni"], "content_type": ["app", "results"]}, "model": "admin.logentry", "pk": 138}, {"fields": {"change_message": "", "action_time": "2015-11-28T15:23:47.916Z", "action_flag": 1, "object_id": "104", "object_repr": "\u00de\u00f3rarinn Grettir Einarsson - 2. s\u00e6ti - P\u00famse - einstaklings - \u00edslandsm\u00f3ti\u00f0 \u00ed P\u00famse - 2015", "user": ["nonni"], "content_type": ["app", "results"]}, "model": "admin.logentry", "pk": 139}, {"fields": {"change_message": "", "action_time": "2015-11-28T15:24:16.719Z", "action_flag": 1, "object_id": "105", "object_repr": "Viktor Sn\u00e6r Flosason - 1. s\u00e6ti - P\u00famse - para - \u00edslandsm\u00f3ti\u00f0 \u00ed P\u00famse - 2015", "user": ["nonni"], "content_type": ["app", "results"]}, "model": "admin.logentry", "pk": 140}, {"fields": {"change_message": "", "action_time": "2015-11-28T15:24:27.942Z", "action_flag": 1, "object_id": "106", "object_repr": "Krist\u00edn Mar\u00eda Vilhj\u00e1lmsd\u00f3ttir - 1. s\u00e6ti - P\u00famse - para - \u00edslandsm\u00f3ti\u00f0 \u00ed P\u00famse - 2015", "user": ["nonni"], "content_type": ["app", "results"]}, "model": "admin.logentry", "pk": 141}, {"fields": {"change_message": "", "action_time": "2015-11-28T15:24:54.251Z", "action_flag": 1, "object_id": "107", "object_repr": "Krist\u00edn Mar\u00eda Vilhj\u00e1lmsd\u00f3ttir - 1. s\u00e6ti - P\u00famse - h\u00f3pa - \u00edslandsm\u00f3ti\u00f0 \u00ed P\u00famse - 2015", "user": ["nonni"], "content_type": ["app", "results"]}, "model": "admin.logentry", "pk": 142}, {"fields": {"change_message": "", "action_time": "2015-11-28T15:25:04.062Z", "action_flag": 1, "object_id": "108", "object_repr": "Ger\u00f0ur Eva Halld\u00f3rsd\u00f3ttir - 1. s\u00e6ti - P\u00famse - h\u00f3pa - \u00edslandsm\u00f3ti\u00f0 \u00ed P\u00famse - 2015", "user": ["nonni"], "content_type": ["app", "results"]}, "model": "admin.logentry", "pk": 143}, {"fields": {"change_message": "", "action_time": "2015-11-28T15:26:17.678Z", "action_flag": 1, "object_id": "50", "object_repr": "Vilhj\u00e1lmur \u00de\u00f3r Vilhj\u00e1lmsson", "user": ["nonni"], "content_type": ["app", "athlete"]}, "model": "admin.logentry", "pk": 144}, {"fields": {"change_message": "", "action_time": "2015-11-28T15:26:56.862Z", "action_flag": 1, "object_id": "3", "object_repr": "Bikarm\u00f3t 3 - 2015", "user": ["nonni"], "content_type": ["app", "tournament"]}, "model": "admin.logentry", "pk": 145}, {"fields": {"change_message": "", "action_time": "2015-11-28T15:27:04.934Z", "action_flag": 1, "object_id": "109", "object_repr": "Vilhj\u00e1lmur \u00de\u00f3r Vilhj\u00e1lmsson - 1. s\u00e6ti - P\u00famse - einstaklings - Bikarm\u00f3t 3 - 2015", "user": ["nonni"], "content_type": ["app", "results"]}, "model": "admin.logentry", "pk": 146}, {"fields": {"change_message": "", "action_time": "2015-11-28T15:28:13.700Z", "action_flag": 1, "object_id": "110", "object_repr": "Anna D\u00f3ra Sverrisd\u00f3ttir - 1. s\u00e6ti - P\u00famse - einstaklings - Bikarm\u00f3t 3 - 2015", "user": ["nonni"], "content_type": ["app", "results"]}, "model": "admin.logentry", "pk": 147}, {"fields": {"change_message": "", "action_time": "2015-11-28T15:28:51.166Z", "action_flag": 1, "object_id": "51", "object_repr": "Hei\u00f0r\u00fan \u00deorvaldsd\u00f3ttir", "user": ["nonni"], "content_type": ["app", "athlete"]}, "model": "admin.logentry", "pk": 148}, {"fields": {"change_message": "", "action_time": "2015-11-28T15:29:00.413Z", "action_flag": 1, "object_id": "111", "object_repr": "Hei\u00f0r\u00fan \u00deorvaldsd\u00f3ttir - 2. s\u00e6ti - P\u00famse - einstaklings - Bikarm\u00f3t 3 - 2015", "user": ["nonni"], "content_type": ["app", "results"]}, "model": "admin.logentry", "pk": 149}, {"fields": {"change_message": "", "action_time": "2015-11-28T15:29:15.466Z", "action_flag": 1, "object_id": "112", "object_repr": "Krist\u00edn Mar\u00eda Vilhj\u00e1lmsd\u00f3ttir - 3. s\u00e6ti - P\u00famse - einstaklings - Bikarm\u00f3t 3 - 2015", "user": ["nonni"], "content_type": ["app", "results"]}, "model": "admin.logentry", "pk": 150}, {"fields": {"change_message": "", "action_time": "2015-11-28T15:29:48.591Z", "action_flag": 1, "object_id": "113", "object_repr": "Samar-E-Zahida Uz-Zaman - 1. s\u00e6ti - P\u00famse - einstaklings - Bikarm\u00f3t 3 - 2015", "user": ["nonni"], "content_type": ["app", "results"]}, "model": "admin.logentry", "pk": 151}, {"fields": {"change_message": "", "action_time": "2015-11-28T15:30:06.176Z", "action_flag": 1, "object_id": "114", "object_repr": "H\u00e1kon Jan Nor\u00f0fj\u00f6r\u00f0 - 2. s\u00e6ti - P\u00famse - einstaklings - Bikarm\u00f3t 3 - 2015", "user": ["nonni"], "content_type": ["app", "results"]}, "model": "admin.logentry", "pk": 152}, {"fields": {"change_message": "", "action_time": "2015-11-28T15:30:46.215Z", "action_flag": 1, "object_id": "115", "object_repr": "Vilhj\u00e1lmur \u00de\u00f3r Vilhj\u00e1lmsson - 1. s\u00e6ti - Sparring - Bikarm\u00f3t 3 - 2015", "user": ["nonni"], "content_type": ["app", "results"]}, "model": "admin.logentry", "pk": 153}, {"fields": {"change_message": "", "action_time": "2015-11-28T15:31:44.406Z", "action_flag": 1, "object_id": "116", "object_repr": "Anna D\u00f3ra Sverrisd\u00f3ttir - 2. s\u00e6ti - Sparring - Bikarm\u00f3t 3 - 2015", "user": ["nonni"], "content_type": ["app", "results"]}, "model": "admin.logentry", "pk": 154}, {"fields": {"change_message": "", "action_time": "2015-11-28T15:50:00.714Z", "action_flag": 3, "object_id": "51", "object_repr": "Hei\u00f0r\u00fan \u00deorvaldsd\u00f3ttir", "user": ["nonni"], "content_type": ["app", "athlete"]}, "model": "admin.logentry", "pk": 155}, {"fields": {"change_message": "", "action_time": "2015-11-28T15:50:13.924Z", "action_flag": 1, "object_id": "117", "object_repr": "Hei\u00f0r\u00fan \u00deorvaldsd\u00f3ttir - 2. s\u00e6ti - P\u00famse - einstaklings - Bikarm\u00f3t 3 - 2015", "user": ["nonni"], "content_type": ["app", "results"]}, "model": "admin.logentry", "pk": 156}, {"fields": {"change_message": "", "action_time": "2015-11-28T15:51:01.636Z", "action_flag": 1, "object_id": "118", "object_repr": "Hei\u00f0r\u00fan \u00deorvaldsd\u00f3ttir - 2. s\u00e6ti - Sparring - Bikarm\u00f3t 3 - 2015", "user": ["nonni"], "content_type": ["app", "results"]}, "model": "admin.logentry", "pk": 157}, {"fields": {"change_message": "", "action_time": "2015-11-28T15:51:19.070Z", "action_flag": 1, "object_id": "119", "object_repr": "Krist\u00edn Mar\u00eda Vilhj\u00e1lmsd\u00f3ttir - 2. s\u00e6ti - Sparring - Bikarm\u00f3t 3 - 2015", "user": ["nonni"], "content_type": ["app", "results"]}, "model": "admin.logentry", "pk": 158}, {"fields": {"change_message": "", "action_time": "2015-11-28T15:51:51.586Z", "action_flag": 1, "object_id": "120", "object_repr": "Viktor Sn\u00e6r Flosason - 2. s\u00e6ti - Sparring - Bikarm\u00f3t 3 - 2015", "user": ["nonni"], "content_type": ["app", "results"]}, "model": "admin.logentry", "pk": 159}, {"fields": {"change_message": "", "action_time": "2015-11-28T15:52:01.056Z", "action_flag": 1, "object_id": "121", "object_repr": "Ey\u00fe\u00f3r Atli Reynisson - 3. s\u00e6ti - Sparring - Bikarm\u00f3t 3 - 2015", "user": ["nonni"], "content_type": ["app", "results"]}, "model": "admin.logentry", "pk": 160}, {"fields": {"change_message": "Changed score.", "action_time": "2015-11-28T15:52:16.181Z", "action_flag": 2, "object_id": "121", "object_repr": "Ey\u00fe\u00f3r Atli Reynisson - 2. s\u00e6ti - Sparring - Bikarm\u00f3t 3 - 2015", "user": ["nonni"], "content_type": ["app", "results"]}, "model": "admin.logentry", "pk": 161}, {"fields": {"change_message": "Changed score.", "action_time": "2015-11-28T15:52:31.997Z", "action_flag": 2, "object_id": "120", "object_repr": "Viktor Sn\u00e6r Flosason - 3. s\u00e6ti - Sparring - Bikarm\u00f3t 3 - 2015", "user": ["nonni"], "content_type": ["app", "results"]}, "model": "admin.logentry", "pk": 162}, {"fields": {"change_message": "", "action_time": "2015-11-28T15:52:55.296Z", "action_flag": 1, "object_id": "122", "object_repr": "Halld\u00f3r Freyr Grettisson - 1. s\u00e6ti - Sparring - Bikarm\u00f3t 3 - 2015", "user": ["nonni"], "content_type": ["app", "results"]}, "model": "admin.logentry", "pk": 163}, {"fields": {"change_message": "", "action_time": "2015-11-28T16:12:21.810Z", "action_flag": 1, "object_id": "4", "object_repr": "Barnabikarm\u00f3t 1 - 2015", "user": ["nonni"], "content_type": ["app", "tournament"]}, "model": "admin.logentry", "pk": 164}, {"fields": {"change_message": "Changed tournament.", "action_time": "2015-11-28T16:16:40.337Z", "action_flag": 2, "object_id": "68", "object_repr": "Almar Tristan Almarsson - 1. s\u00e6ti - Sparring - Barnabikarm\u00f3t 1 - 2015", "user": ["nonni"], "content_type": ["app", "results"]}, "model": "admin.logentry", "pk": 165}, {"fields": {"change_message": "Changed tournament.", "action_time": "2015-11-28T16:16:40.343Z", "action_flag": 2, "object_id": "72", "object_repr": "Ari \u00de\u00f3r Kristmundsson - 3. s\u00e6ti - Sparring - Barnabikarm\u00f3t 1 - 2015", "user": ["nonni"], "content_type": ["app", "results"]}, "model": "admin.logentry", "pk": 166}, {"fields": {"change_message": "Changed tournament.", "action_time": "2015-11-28T16:16:40.347Z", "action_flag": 2, "object_id": "47", "object_repr": "Ari \u00de\u00f3r Kristmundsson - 2. s\u00e6ti - P\u00famse - einstaklings - Barnabikarm\u00f3t 1 - 2015", "user": ["nonni"], "content_type": ["app", "results"]}, "model": "admin.logentry", "pk": 167}, {"fields": {"change_message": "Changed tournament.", "action_time": "2015-11-28T16:16:40.351Z", "action_flag": 2, "object_id": "60", "object_repr": "Arn\u00f3r Breki Cilia - 1. s\u00e6ti - Sparring - Barnabikarm\u00f3t 1 - 2015", "user": ["nonni"], "content_type": ["app", "results"]}, "model": "admin.logentry", "pk": 168}, {"fields": {"change_message": "Changed tournament.", "action_time": "2015-11-28T16:16:40.355Z", "action_flag": 2, "object_id": "54", "object_repr": "Arn\u00f3r Breki Cilia - 3. s\u00e6ti - P\u00famse - h\u00f3pa - Barnabikarm\u00f3t 1 - 2015", "user": ["nonni"], "content_type": ["app", "results"]}, "model": "admin.logentry", "pk": 169}, {"fields": {"change_message": "Changed tournament.", "action_time": "2015-11-28T16:16:40.359Z", "action_flag": 2, "object_id": "65", "object_repr": "Aron Kristinn Haraldsson - 2. s\u00e6ti - Sparring - Barnabikarm\u00f3t 1 - 2015", "user": ["nonni"], "content_type": ["app", "results"]}, "model": "admin.logentry", "pk": 170}, {"fields": {"change_message": "Changed tournament.", "action_time": "2015-11-28T16:16:40.364Z", "action_flag": 2, "object_id": "50", "object_repr": "Aron Kristinn Haraldsson - 3. s\u00e6ti - P\u00famse - einstaklings - Barnabikarm\u00f3t 1 - 2015", "user": ["nonni"], "content_type": ["app", "results"]}, "model": "admin.logentry", "pk": 171}, {"fields": {"change_message": "Changed tournament.", "action_time": "2015-11-28T16:16:40.367Z", "action_flag": 2, "object_id": "67", "object_repr": "Ar\u00edanna Rakel Almarsd\u00f3ttir - 3. s\u00e6ti - Sparring - Barnabikarm\u00f3t 1 - 2015", "user": ["nonni"], "content_type": ["app", "results"]}, "model": "admin.logentry", "pk": 172}, {"fields": {"change_message": "Changed tournament.", "action_time": "2015-11-28T16:16:40.371Z", "action_flag": 2, "object_id": "53", "object_repr": "Einar P\u00e1ll Dav\u00ed\u00f0sson - 3. s\u00e6ti - P\u00famse - h\u00f3pa - Barnabikarm\u00f3t 1 - 2015", "user": ["nonni"], "content_type": ["app", "results"]}, "model": "admin.logentry", "pk": 173}, {"fields": {"change_message": "Changed tournament.", "action_time": "2015-11-28T16:16:40.377Z", "action_flag": 2, "object_id": "69", "object_repr": "J\u00fal\u00edan R\u00edkar\u00f0ur Elmarsson - 2. s\u00e6ti - Sparring - Barnabikarm\u00f3t 1 - 2015", "user": ["nonni"], "content_type": ["app", "results"]}, "model": "admin.logentry", "pk": 174}, {"fields": {"change_message": "Changed tournament.", "action_time": "2015-11-28T16:16:40.382Z", "action_flag": 2, "object_id": "63", "object_repr": "P\u00e9tur Valur Thors - 1. s\u00e6ti - Sparring - Barnabikarm\u00f3t 1 - 2015", "user": ["nonni"], "content_type": ["app", "results"]}, "model": "admin.logentry", "pk": 175}, {"fields": {"change_message": "Changed tournament.", "action_time": "2015-11-28T16:16:40.385Z", "action_flag": 2, "object_id": "48", "object_repr": "P\u00e9tur Valur Thors - 2. s\u00e6ti - P\u00famse - einstaklings - Barnabikarm\u00f3t 1 - 2015", "user": ["nonni"], "content_type": ["app", "results"]}, "model": "admin.logentry", "pk": 176}, {"fields": {"change_message": "Changed tournament.", "action_time": "2015-11-28T16:16:40.389Z", "action_flag": 2, "object_id": "64", "object_repr": "Sunna Lind Ingvarsd\u00f3ttir - 2. s\u00e6ti - Sparring - Barnabikarm\u00f3t 1 - 2015", "user": ["nonni"], "content_type": ["app", "results"]}, "model": "admin.logentry", "pk": 177}, {"fields": {"change_message": "Changed tournament.", "action_time": "2015-11-28T16:16:40.393Z", "action_flag": 2, "object_id": "74", "object_repr": "Sverrir \u00de\u00f3r Vilhj\u00e1lmsson - 2. s\u00e6ti - Sparring - Barnabikarm\u00f3t 1 - 2015", "user": ["nonni"], "content_type": ["app", "results"]}, "model": "admin.logentry", "pk": 178}, {"fields": {"change_message": "Changed tournament.", "action_time": "2015-11-28T16:16:40.397Z", "action_flag": 2, "object_id": "58", "object_repr": "Sverrir \u00de\u00f3r Vilhj\u00e1lmsson - 2. s\u00e6ti - P\u00famse - h\u00f3pa - Barnabikarm\u00f3t 1 - 2015", "user": ["nonni"], "content_type": ["app", "results"]}, "model": "admin.logentry", "pk": 179}, {"fields": {"change_message": "Changed tournament.", "action_time": "2015-11-28T16:16:40.401Z", "action_flag": 2, "object_id": "56", "object_repr": "Sverrir \u00de\u00f3r Vilhj\u00e1lmsson - 2. s\u00e6ti - P\u00famse - para - Barnabikarm\u00f3t 1 - 2015", "user": ["nonni"], "content_type": ["app", "results"]}, "model": "admin.logentry", "pk": 180}, {"fields": {"change_message": "Changed tournament.", "action_time": "2015-11-28T16:16:40.406Z", "action_flag": 2, "object_id": "51", "object_repr": "Sverrir \u00de\u00f3r Vilhj\u00e1lmsson - 2. s\u00e6ti - P\u00famse - einstaklings - Barnabikarm\u00f3t 1 - 2015", "user": ["nonni"], "content_type": ["app", "results"]}, "model": "admin.logentry", "pk": 181}, {"fields": {"change_message": "Changed tournament.", "action_time": "2015-11-28T16:16:40.410Z", "action_flag": 2, "object_id": "62", "object_repr": "Tupac T\u00fdr Nunez Kvaran - 2. s\u00e6ti - Sparring - Barnabikarm\u00f3t 1 - 2015", "user": ["nonni"], "content_type": ["app", "results"]}, "model": "admin.logentry", "pk": 182}, {"fields": {"change_message": "Changed tournament.", "action_time": "2015-11-28T16:17:13.319Z", "action_flag": 2, "object_id": "66", "object_repr": "\u00c6var Nunez Kvaran - 1. s\u00e6ti - Sparring - Barnabikarm\u00f3t 1 - 2015", "user": ["nonni"], "content_type": ["app", "results"]}, "model": "admin.logentry", "pk": 183}, {"fields": {"change_message": "Changed tournament.", "action_time": "2015-11-28T16:17:13.324Z", "action_flag": 2, "object_id": "57", "object_repr": "\u00c6var Nunez Kvaran - 2. s\u00e6ti - P\u00famse - h\u00f3pa - Barnabikarm\u00f3t 1 - 2015", "user": ["nonni"], "content_type": ["app", "results"]}, "model": "admin.logentry", "pk": 184}, {"fields": {"change_message": "Changed tournament.", "action_time": "2015-11-28T16:17:13.327Z", "action_flag": 2, "object_id": "55", "object_repr": "\u00c6var Nunez Kvaran - 2. s\u00e6ti - P\u00famse - para - Barnabikarm\u00f3t 1 - 2015", "user": ["nonni"], "content_type": ["app", "results"]}, "model": "admin.logentry", "pk": 185}, {"fields": {"change_message": "Changed tournament.", "action_time": "2015-11-28T16:17:13.330Z", "action_flag": 2, "object_id": "71", "object_repr": "\u00cdris \u00de\u00f6ll Hr\u00f3bjartsd\u00f3ttir - 1. s\u00e6ti - Sparring - Barnabikarm\u00f3t 1 - 2015", "user": ["nonni"], "content_type": ["app", "results"]}, "model": "admin.logentry", "pk": 186}, {"fields": {"change_message": "Changed tournament.", "action_time": "2015-11-28T16:17:13.335Z", "action_flag": 2, "object_id": "70", "object_repr": "\u00d3lafur P\u00e9tur \u00de\u00f3rj\u00f3nsson - 3. s\u00e6ti - Sparring - Barnabikarm\u00f3t 1 - 2015", "user": ["nonni"], "content_type": ["app", "results"]}, "model": "admin.logentry", "pk": 187}, {"fields": {"change_message": "Changed tournament.", "action_time": "2015-11-28T16:17:13.340Z", "action_flag": 2, "object_id": "49", "object_repr": "\u00d3lafur P\u00e9tur \u00de\u00f3rj\u00f3nsson - 1. s\u00e6ti - P\u00famse - einstaklings - Barnabikarm\u00f3t 1 - 2015", "user": ["nonni"], "content_type": ["app", "results"]}, "model": "admin.logentry", "pk": 188}, {"fields": {"change_message": "Changed tournament.", "action_time": "2015-11-28T16:17:13.344Z", "action_flag": 2, "object_id": "61", "object_repr": "\u00dalfar Heimisson - 3. s\u00e6ti - Sparring - Barnabikarm\u00f3t 1 - 2015", "user": ["nonni"], "content_type": ["app", "results"]}, "model": "admin.logentry", "pk": 189}, {"fields": {"change_message": "Changed tournament.", "action_time": "2015-11-28T16:17:13.349Z", "action_flag": 2, "object_id": "52", "object_repr": "\u00dalfar Heimisson - 3. s\u00e6ti - P\u00famse - h\u00f3pa - Barnabikarm\u00f3t 1 - 2015", "user": ["nonni"], "content_type": ["app", "results"]}, "model": "admin.logentry", "pk": 190}, {"fields": {"change_message": "", "action_time": "2015-11-28T16:18:13.091Z", "action_flag": 1, "object_id": "5", "object_repr": "Barnabikarm\u00f3t 2 - 2015", "user": ["nonni"], "content_type": ["app", "tournament"]}, "model": "admin.logentry", "pk": 191}, {"fields": {"change_message": "", "action_time": "2015-11-28T16:19:01.851Z", "action_flag": 1, "object_id": "123", "object_repr": "\u00dalfar Heimisson - 1. s\u00e6ti - P\u00famse - einstaklings - Barnabikarm\u00f3t 2 - 2015", "user": ["nonni"], "content_type": ["app", "results"]}, "model": "admin.logentry", "pk": 192}, {"fields": {"change_message": "", "action_time": "2015-11-28T16:19:21.159Z", "action_flag": 1, "object_id": "124", "object_repr": "\u00d3lafur P\u00e9tur \u00de\u00f3rj\u00f3nsson - 1. s\u00e6ti - P\u00famse - einstaklings - Barnabikarm\u00f3t 2 - 2015", "user": ["nonni"], "content_type": ["app", "results"]}, "model": "admin.logentry", "pk": 193}, {"fields": {"change_message": "", "action_time": "2015-11-28T16:19:43.193Z", "action_flag": 1, "object_id": "125", "object_repr": "Vilhj\u00e1lmur \u00de\u00f3r Olsen - 1. s\u00e6ti - P\u00famse - einstaklings - Barnabikarm\u00f3t 2 - 2015", "user": ["nonni"], "content_type": ["app", "results"]}, "model": "admin.logentry", "pk": 194}, {"fields": {"change_message": "", "action_time": "2015-11-28T16:20:00.742Z", "action_flag": 1, "object_id": "52", "object_repr": "Alexandra R\u00f3s Berg\u00fe\u00f3rsd. Busk", "user": ["nonni"], "content_type": ["app", "athlete"]}, "model": "admin.logentry", "pk": 195}, {"fields": {"change_message": "", "action_time": "2015-11-28T16:20:13.913Z", "action_flag": 1, "object_id": "126", "object_repr": "Alexandra R\u00f3s Berg\u00fe\u00f3rsd. Busk - 3. s\u00e6ti - P\u00famse - einstaklings - Barnabikarm\u00f3t 2 - 2015", "user": ["nonni"], "content_type": ["app", "results"]}, "model": "admin.logentry", "pk": 196}, {"fields": {"change_message": "", "action_time": "2015-11-28T16:24:47.434Z", "action_flag": 3, "object_id": "126", "object_repr": "Alexandra R\u00f3s Berg\u00fe\u00f3rsd. Busk - 3. s\u00e6ti - P\u00famse - einstaklings - Barnabikarm\u00f3t 2 - 2015", "user": ["nonni"], "content_type": ["app", "results"]}, "model": "admin.logentry", "pk": 197}, {"fields": {"change_message": "", "action_time": "2015-11-28T17:51:47.490Z", "action_flag": 1, "object_id": "127", "object_repr": "Sverrir \u00de\u00f3r Vilhj\u00e1lmsson - 3. s\u00e6ti - P\u00famse - einstaklings - Barnabikarm\u00f3t 2 - 2015", "user": ["nonni"], "content_type": ["app", "results"]}, "model": "admin.logentry", "pk": 198}, {"fields": {"change_message": "", "action_time": "2015-11-28T17:53:44.231Z", "action_flag": 1, "object_id": "128", "object_repr": "Tupac T\u00fdr Nunez Kvaran - 1. s\u00e6ti - Sparring - Barnabikarm\u00f3t 2 - 2015", "user": ["nonni"], "content_type": ["app", "results"]}, "model": "admin.logentry", "pk": 199}, {"fields": {"change_message": "", "action_time": "2015-11-28T17:54:06.388Z", "action_flag": 1, "object_id": "129", "object_repr": "Almar Tristan Almarsson - 1. s\u00e6ti - Sparring - Barnabikarm\u00f3t 2 - 2015", "user": ["nonni"], "content_type": ["app", "results"]}, "model": "admin.logentry", "pk": 200}, {"fields": {"change_message": "", "action_time": "2015-11-28T17:54:20.938Z", "action_flag": 1, "object_id": "130", "object_repr": "\u00d3lafur P\u00e9tur \u00de\u00f3rj\u00f3nsson - 2. s\u00e6ti - Sparring - Barnabikarm\u00f3t 2 - 2015", "user": ["nonni"], "content_type": ["app", "results"]}, "model": "admin.logentry", "pk": 201}, {"fields": {"change_message": "", "action_time": "2015-11-28T17:54:30.707Z", "action_flag": 1, "object_id": "131", "object_repr": "Einar P\u00e1ll Dav\u00ed\u00f0sson - 3. s\u00e6ti - Sparring - Barnabikarm\u00f3t 2 - 2015", "user": ["nonni"], "content_type": ["app", "results"]}, "model": "admin.logentry", "pk": 202}, {"fields": {"change_message": "", "action_time": "2015-11-28T17:54:53.925Z", "action_flag": 1, "object_id": "132", "object_repr": "Ar\u00edanna Rakel Almarsd\u00f3ttir - 3. s\u00e6ti - Sparring - Barnabikarm\u00f3t 2 - 2015", "user": ["nonni"], "content_type": ["app", "results"]}, "model": "admin.logentry", "pk": 203}, {"fields": {"change_message": "", "action_time": "2015-11-28T17:55:35.136Z", "action_flag": 1, "object_id": "133", "object_repr": "\u00cdris \u00de\u00f6ll Hr\u00f3bjartsd\u00f3ttir - 2. s\u00e6ti - Sparring - Barnabikarm\u00f3t 2 - 2015", "user": ["nonni"], "content_type": ["app", "results"]}, "model": "admin.logentry", "pk": 204}, {"fields": {"change_message": "", "action_time": "2015-11-28T17:55:54.176Z", "action_flag": 1, "object_id": "134", "object_repr": "Tristana S\u00f3l Kristj\u00e1nsd\u00f3ttir - 2. s\u00e6ti - Sparring - Barnabikarm\u00f3t 2 - 2015", "user": ["nonni"], "content_type": ["app", "results"]}, "model": "admin.logentry", "pk": 205}, {"fields": {"change_message": "", "action_time": "2015-11-28T17:56:03.167Z", "action_flag": 1, "object_id": "135", "object_repr": "Sunna Lind Ingvarsd\u00f3ttir - 3. s\u00e6ti - Sparring - Barnabikarm\u00f3t 2 - 2015", "user": ["nonni"], "content_type": ["app", "results"]}, "model": "admin.logentry", "pk": 206}, {"fields": {"change_message": "", "action_time": "2015-11-28T17:57:04.783Z", "action_flag": 1, "object_id": "136", "object_repr": "Vilhj\u00e1lmur \u00de\u00f3r Olsen - 1. s\u00e6ti - Sparring - Barnabikarm\u00f3t 2 - 2015", "user": ["nonni"], "content_type": ["app", "results"]}, "model": "admin.logentry", "pk": 207}, {"fields": {"change_message": "", "action_time": "2015-11-28T17:57:14.605Z", "action_flag": 1, "object_id": "137", "object_repr": "Sverrir \u00de\u00f3r Vilhj\u00e1lmsson - 3. s\u00e6ti - Sparring - Barnabikarm\u00f3t 2 - 2015", "user": ["nonni"], "content_type": ["app", "results"]}, "model": "admin.logentry", "pk": 208}, {"fields": {"change_message": "", "action_time": "2015-11-28T17:57:29.609Z", "action_flag": 1, "object_id": "138", "object_repr": "Aron Kristinn Haraldsson - 3. s\u00e6ti - Sparring - Barnabikarm\u00f3t 2 - 2015", "user": ["nonni"], "content_type": ["app", "results"]}, "model": "admin.logentry", "pk": 209}, {"fields": {"change_message": "", "action_time": "2015-11-28T17:57:43.428Z", "action_flag": 1, "object_id": "139", "object_repr": "Arn\u00f3r Breki Cilia - 3. s\u00e6ti - Sparring - Barnabikarm\u00f3t 2 - 2015", "user": ["nonni"], "content_type": ["app", "results"]}, "model": "admin.logentry", "pk": 210}, {"fields": {"change_message": "", "action_time": "2015-11-28T17:58:02.571Z", "action_flag": 1, "object_id": "140", "object_repr": "\u00c6var Nunez Kvaran - 1. s\u00e6ti - Sparring - Barnabikarm\u00f3t 2 - 2015", "user": ["nonni"], "content_type": ["app", "results"]}, "model": "admin.logentry", "pk": 211}, {"fields": {"change_message": "", "action_time": "2015-11-28T17:59:47.041Z", "action_flag": 1, "object_id": "6", "object_repr": "\u00cdslandsm\u00f3t \u00ed bardaga - 2015", "user": ["nonni"], "content_type": ["app", "tournament"]}, "model": "admin.logentry", "pk": 212}, {"fields": {"change_message": "", "action_time": "2015-11-28T18:00:25.941Z", "action_flag": 1, "object_id": "141", "object_repr": "Krist\u00edn Mar\u00eda Vilhj\u00e1lmsd\u00f3ttir - 3. s\u00e6ti - Sparring - \u00cdslandsm\u00f3t \u00ed bardaga - 2015", "user": ["nonni"], "content_type": ["app", "results"]}, "model": "admin.logentry", "pk": 213}, {"fields": {"change_message": "", "action_time": "2015-11-28T18:00:55.815Z", "action_flag": 1, "object_id": "142", "object_repr": "Hei\u00f0r\u00fan \u00deorvaldsd\u00f3ttir - 2. s\u00e6ti - Sparring - \u00cdslandsm\u00f3t \u00ed bardaga - 2015", "user": ["nonni"], "content_type": ["app", "results"]}, "model": "admin.logentry", "pk": 214}, {"fields": {"change_message": "", "action_time": "2015-11-28T18:01:12.901Z", "action_flag": 1, "object_id": "143", "object_repr": "Ana Cristina Geppert - 1. s\u00e6ti - Sparring - \u00cdslandsm\u00f3t \u00ed bardaga - 2015", "user": ["nonni"], "content_type": ["app", "results"]}, "model": "admin.logentry", "pk": 215}, {"fields": {"change_message": "", "action_time": "2015-11-28T18:02:17.291Z", "action_flag": 1, "object_id": "53", "object_repr": "\u00d3mar Logi Ragnarsson", "user": ["nonni"], "content_type": ["app", "athlete"]}, "model": "admin.logentry", "pk": 216}, {"fields": {"change_message": "", "action_time": "2015-11-28T18:02:24.357Z", "action_flag": 1, "object_id": "144", "object_repr": "\u00d3mar Logi Ragnarsson - 2. s\u00e6ti - Sparring - \u00cdslandsm\u00f3t \u00ed bardaga - 2015", "user": ["nonni"], "content_type": ["app", "results"]}, "model": "admin.logentry", "pk": 217}, {"fields": {"change_message": "", "action_time": "2015-11-28T18:02:43.848Z", "action_flag": 1, "object_id": "145", "object_repr": "Halld\u00f3r Freyr Grettisson - 1. s\u00e6ti - Sparring - \u00cdslandsm\u00f3t \u00ed bardaga - 2015", "user": ["nonni"], "content_type": ["app", "results"]}, "model": "admin.logentry", "pk": 218}, {"fields": {"change_message": "", "action_time": "2015-11-28T18:03:28.582Z", "action_flag": 1, "object_id": "54", "object_repr": "Brynjar Logi Halld\u00f3rsson", "user": ["nonni"], "content_type": ["app", "athlete"]}, "model": "admin.logentry", "pk": 219}, {"fields": {"change_message": "", "action_time": "2015-11-28T18:03:37.369Z", "action_flag": 1, "object_id": "146", "object_repr": "Brynjar Logi Halld\u00f3rsson - 2. s\u00e6ti - Sparring - \u00cdslandsm\u00f3t \u00ed bardaga - 2015", "user": ["nonni"], "content_type": ["app", "results"]}, "model": "admin.logentry", "pk": 220}, {"fields": {"change_message": "", "action_time": "2015-11-28T18:03:58.554Z", "action_flag": 1, "object_id": "147", "object_repr": "Ey\u00fe\u00f3r Atli Reynisson - 1. s\u00e6ti - Sparring - \u00cdslandsm\u00f3t \u00ed bardaga - 2015", "user": ["nonni"], "content_type": ["app", "results"]}, "model": "admin.logentry", "pk": 221}, {"fields": {"change_message": "", "action_time": "2015-11-28T18:04:11.844Z", "action_flag": 1, "object_id": "148", "object_repr": "Hugo Sebastian Celine Froment - 2. s\u00e6ti - Sparring - \u00cdslandsm\u00f3t \u00ed bardaga - 2015", "user": ["nonni"], "content_type": ["app", "results"]}, "model": "admin.logentry", "pk": 222}, {"fields": {"change_message": "", "action_time": "2015-11-28T18:05:12.219Z", "action_flag": 1, "object_id": "149", "object_repr": "J\u00f3n Gu\u00f0mundarson Selmuson - 2. s\u00e6ti - Sparring - \u00cdslandsm\u00f3t \u00ed bardaga - 2015", "user": ["nonni"], "content_type": ["app", "results"]}, "model": "admin.logentry", "pk": 223}, {"fields": {"change_message": "", "action_time": "2015-11-28T18:05:37.291Z", "action_flag": 1, "object_id": "55", "object_repr": "Steinar \u00de\u00f3r \u00deorfinnsson", "user": ["nonni"], "content_type": ["app", "athlete"]}, "model": "admin.logentry", "pk": 224}, {"fields": {"change_message": "", "action_time": "2015-11-28T18:05:45.674Z", "action_flag": 1, "object_id": "150", "object_repr": "Steinar \u00de\u00f3r \u00deorfinnsson - 1. s\u00e6ti - Sparring - \u00cdslandsm\u00f3t \u00ed bardaga - 2015", "user": ["nonni"], "content_type": ["app", "results"]}, "model": "admin.logentry", "pk": 225}, {"fields": {"change_message": "", "action_time": "2015-11-28T18:06:20.773Z", "action_flag": 1, "object_id": "56", "object_repr": "Sigur\u00fe\u00f3r Hallbj\u00f6rnsson", "user": ["nonni"], "content_type": ["app", "athlete"]}, "model": "admin.logentry", "pk": 226}, {"fields": {"change_message": "", "action_time": "2015-11-28T18:06:29.522Z", "action_flag": 1, "object_id": "151", "object_repr": "Sigur\u00fe\u00f3r Hallbj\u00f6rnsson - 2. s\u00e6ti - Sparring - \u00cdslandsm\u00f3t \u00ed bardaga - 2015", "user": ["nonni"], "content_type": ["app", "results"]}, "model": "admin.logentry", "pk": 227}, {"fields": {"change_message": "", "action_time": "2015-11-28T18:06:45.837Z", "action_flag": 1, "object_id": "152", "object_repr": "\u00de\u00f3rarinn Grettir Einarsson - 2. s\u00e6ti - Sparring - \u00cdslandsm\u00f3t \u00ed bardaga - 2015", "user": ["nonni"], "content_type": ["app", "results"]}, "model": "admin.logentry", "pk": 228}, {"fields": {"change_message": "", "action_time": "2015-11-28T18:08:24.539Z", "action_flag": 1, "object_id": "7", "object_repr": "Bikarm\u00f3t 2 - 2015", "user": ["nonni"], "content_type": ["app", "tournament"]}, "model": "admin.logentry", "pk": 229}, {"fields": {"change_message": "", "action_time": "2015-11-28T18:08:49.998Z", "action_flag": 1, "object_id": "153", "object_repr": "Halld\u00f3r Freyr Grettisson - 1. s\u00e6ti - Sparring - Bikarm\u00f3t 2 - 2015", "user": ["nonni"], "content_type": ["app", "results"]}, "model": "admin.logentry", "pk": 230}, {"fields": {"change_message": "", "action_time": "2015-11-28T18:09:17.719Z", "action_flag": 1, "object_id": "154", "object_repr": "Brynjar Logi Halld\u00f3rsson - 1. s\u00e6ti - Sparring - Bikarm\u00f3t 2 - 2015", "user": ["nonni"], "content_type": ["app", "results"]}, "model": "admin.logentry", "pk": 231}, {"fields": {"change_message": "", "action_time": "2015-11-28T18:09:28.552Z", "action_flag": 1, "object_id": "155", "object_repr": "Viktor Sn\u00e6r Flosason - 2. s\u00e6ti - Sparring - Bikarm\u00f3t 2 - 2015", "user": ["nonni"], "content_type": ["app", "results"]}, "model": "admin.logentry", "pk": 232}, {"fields": {"change_message": "", "action_time": "2015-11-28T18:10:49.172Z", "action_flag": 1, "object_id": "57", "object_repr": "\u00d3lafur Bjarki Gu\u00f0mundsson", "user": ["nonni"], "content_type": ["app", "athlete"]}, "model": "admin.logentry", "pk": 233}, {"fields": {"change_message": "", "action_time": "2015-11-28T18:10:53.669Z", "action_flag": 1, "object_id": "156", "object_repr": "\u00d3lafur Bjarki Gu\u00f0mundsson - 2. s\u00e6ti - Sparring - Bikarm\u00f3t 2 - 2015", "user": ["nonni"], "content_type": ["app", "results"]}, "model": "admin.logentry", "pk": 234}, {"fields": {"change_message": "", "action_time": "2015-11-28T18:11:14.602Z", "action_flag": 1, "object_id": "157", "object_repr": "J\u00f3n Gu\u00f0mundarson Selmuson - 2. s\u00e6ti - Sparring - Bikarm\u00f3t 2 - 2015", "user": ["nonni"], "content_type": ["app", "results"]}, "model": "admin.logentry", "pk": 235}, {"fields": {"change_message": "", "action_time": "2015-11-28T18:11:36.354Z", "action_flag": 1, "object_id": "158", "object_repr": "\u00de\u00f3rarinn Grettir Einarsson - 3. s\u00e6ti - Sparring - Bikarm\u00f3t 2 - 2015", "user": ["nonni"], "content_type": ["app", "results"]}, "model": "admin.logentry", "pk": 236}, {"fields": {"change_message": "", "action_time": "2015-11-28T18:11:54.642Z", "action_flag": 1, "object_id": "58", "object_repr": "Elina Mar\u00eda J\u00f3nsd\u00f3ttir", "user": ["nonni"], "content_type": ["app", "athlete"]}, "model": "admin.logentry", "pk": 237}, {"fields": {"change_message": "", "action_time": "2015-11-28T18:12:00.654Z", "action_flag": 1, "object_id": "159", "object_repr": "Elina Mar\u00eda J\u00f3nsd\u00f3ttir - 3. s\u00e6ti - Sparring - Bikarm\u00f3t 2 - 2015", "user": ["nonni"], "content_type": ["app", "results"]}, "model": "admin.logentry", "pk": 238}, {"fields": {"change_message": "", "action_time": "2015-11-28T18:13:10.512Z", "action_flag": 1, "object_id": "160", "object_repr": "Ey\u00fe\u00f3r Atli Reynisson - 3. s\u00e6ti - P\u00famse - einstaklings - Bikarm\u00f3t 2 - 2015", "user": ["nonni"], "content_type": ["app", "results"]}, "model": "admin.logentry", "pk": 239}, {"fields": {"change_message": "", "action_time": "2015-11-28T18:13:29.281Z", "action_flag": 1, "object_id": "161", "object_repr": "\u00d3lafur Bjarki Gu\u00f0mundsson - 3. s\u00e6ti - P\u00famse - einstaklings - Bikarm\u00f3t 2 - 2015", "user": ["nonni"], "content_type": ["app", "results"]}, "model": "admin.logentry", "pk": 240}, {"fields": {"change_message": "", "action_time": "2015-11-28T18:13:45.979Z", "action_flag": 1, "object_id": "162", "object_repr": "Krist\u00edn Mar\u00eda Vilhj\u00e1lmsd\u00f3ttir - 2. s\u00e6ti - P\u00famse - einstaklings - Bikarm\u00f3t 2 - 2015", "user": ["nonni"], "content_type": ["app", "results"]}, "model": "admin.logentry", "pk": 241}, {"fields": {"change_message": "", "action_time": "2015-11-28T18:13:59.895Z", "action_flag": 1, "object_id": "163", "object_repr": "Samar-E-Zahida Uz-Zaman - 2. s\u00e6ti - P\u00famse - einstaklings - Bikarm\u00f3t 2 - 2015", "user": ["nonni"], "content_type": ["app", "results"]}, "model": "admin.logentry", "pk": 242}, {"fields": {"change_message": "", "action_time": "2015-11-28T18:14:16.558Z", "action_flag": 1, "object_id": "164", "object_repr": "Elina Mar\u00eda J\u00f3nsd\u00f3ttir - 2. s\u00e6ti - P\u00famse - einstaklings - Bikarm\u00f3t 2 - 2015", "user": ["nonni"], "content_type": ["app", "results"]}, "model": "admin.logentry", "pk": 243}, {"fields": {"change_message": "", "action_time": "2015-11-28T18:14:25.146Z", "action_flag": 1, "object_id": "165", "object_repr": "Anna D\u00f3ra Sverrisd\u00f3ttir - 1. s\u00e6ti - P\u00famse - einstaklings - Bikarm\u00f3t 2 - 2015", "user": ["nonni"], "content_type": ["app", "results"]}, "model": "admin.logentry", "pk": 244}, {"fields": {"change_message": "", "action_time": "2015-11-28T18:14:38.869Z", "action_flag": 1, "object_id": "166", "object_repr": "Hei\u00f0r\u00fan \u00deorvaldsd\u00f3ttir - 3. s\u00e6ti - P\u00famse - einstaklings - Bikarm\u00f3t 2 - 2015", "user": ["nonni"], "content_type": ["app", "results"]}, "model": "admin.logentry", "pk": 245}, {"fields": {"change_message": "", "action_time": "2015-11-28T18:18:43.574Z", "action_flag": 1, "object_id": "8", "object_repr": "RIG - 2015", "user": ["nonni"], "content_type": ["app", "tournament"]}, "model": "admin.logentry", "pk": 246}, {"fields": {"change_message": "", "action_time": "2015-11-28T18:19:34.334Z", "action_flag": 1, "object_id": "167", "object_repr": "Krist\u00edn Mar\u00eda Vilhj\u00e1lmsd\u00f3ttir - 3. s\u00e6ti - P\u00famse - einstaklings - RIG - 2015", "user": ["nonni"], "content_type": ["app", "results"]}, "model": "admin.logentry", "pk": 247}, {"fields": {"change_message": "", "action_time": "2015-11-28T18:20:03.433Z", "action_flag": 1, "object_id": "168", "object_repr": "Ey\u00fe\u00f3r Atli Reynisson - 2. s\u00e6ti - P\u00famse - einstaklings - RIG - 2015", "user": ["nonni"], "content_type": ["app", "results"]}, "model": "admin.logentry", "pk": 248}, {"fields": {"change_message": "", "action_time": "2015-11-28T18:20:15.638Z", "action_flag": 1, "object_id": "169", "object_repr": "H\u00e1kon Jan Nor\u00f0fj\u00f6r\u00f0 - 1. s\u00e6ti - P\u00famse - einstaklings - RIG - 2015", "user": ["nonni"], "content_type": ["app", "results"]}, "model": "admin.logentry", "pk": 249}, {"fields": {"change_message": "", "action_time": "2015-11-28T18:21:03.016Z", "action_flag": 1, "object_id": "170", "object_repr": "Gulleik L\u00f6vskar - 2. s\u00e6ti - P\u00famse - para - RIG - 2015", "user": ["nonni"], "content_type": ["app", "results"]}, "model": "admin.logentry", "pk": 250}, {"fields": {"change_message": "", "action_time": "2015-11-28T18:21:10.767Z", "action_flag": 1, "object_id": "171", "object_repr": "\u00cdrunn Ketilsd\u00f3ttir - 2. s\u00e6ti - P\u00famse - para - RIG - 2015", "user": ["nonni"], "content_type": ["app", "results"]}, "model": "admin.logentry", "pk": 251}, {"fields": {"change_message": "", "action_time": "2015-11-28T18:21:39.242Z", "action_flag": 1, "object_id": "172", "object_repr": "\u00cdrunn Ketilsd\u00f3ttir - 1. s\u00e6ti - P\u00famse - einstaklings - RIG - 2015", "user": ["nonni"], "content_type": ["app", "results"]}, "model": "admin.logentry", "pk": 252}, {"fields": {"change_message": "", "action_time": "2015-11-28T18:21:48.492Z", "action_flag": 1, "object_id": "173", "object_repr": "Antje Muller - 3. s\u00e6ti - P\u00famse - einstaklings - RIG - 2015", "user": ["nonni"], "content_type": ["app", "results"]}, "model": "admin.logentry", "pk": 253}, {"fields": {"change_message": "", "action_time": "2015-11-28T18:22:00.574Z", "action_flag": 1, "object_id": "174", "object_repr": "Samar-E-Zahida Uz-Zaman - 2. s\u00e6ti - P\u00famse - einstaklings - RIG - 2015", "user": ["nonni"], "content_type": ["app", "results"]}, "model": "admin.logentry", "pk": 254}, {"fields": {"change_message": "", "action_time": "2015-11-28T18:22:17.294Z", "action_flag": 1, "object_id": "175", "object_repr": "Karl J\u00f3hann Gar\u00f0arsson - 3. s\u00e6ti - P\u00famse - einstaklings - RIG - 2015", "user": ["nonni"], "content_type": ["app", "results"]}, "model": "admin.logentry", "pk": 255}, {"fields": {"change_message": "", "action_time": "2015-11-28T18:22:49.212Z", "action_flag": 1, "object_id": "59", "object_repr": "He\u00f0r\u00fan P\u00e1lsd\u00f3ttir", "user": ["nonni"], "content_type": ["app", "athlete"]}, "model": "admin.logentry", "pk": 256}, {"fields": {"change_message": "", "action_time": "2015-11-28T18:22:58.255Z", "action_flag": 1, "object_id": "176", "object_repr": "He\u00f0r\u00fan P\u00e1lsd\u00f3ttir - 2. s\u00e6ti - Sparring - RIG - 2015", "user": ["nonni"], "content_type": ["app", "results"]}, "model": "admin.logentry", "pk": 257}, {"fields": {"change_message": "", "action_time": "2015-11-28T18:23:25.853Z", "action_flag": 1, "object_id": "177", "object_repr": "Viktor Sn\u00e6r Flosason - 1. s\u00e6ti - Sparring - RIG - 2015", "user": ["nonni"], "content_type": ["app", "results"]}, "model": "admin.logentry", "pk": 258}, {"fields": {"change_message": "", "action_time": "2015-11-28T18:23:43.159Z", "action_flag": 1, "object_id": "178", "object_repr": "\u00d3lafur Bjarki Gu\u00f0mundsson - 2. s\u00e6ti - Sparring - RIG - 2015", "user": ["nonni"], "content_type": ["app", "results"]}, "model": "admin.logentry", "pk": 259}]